part_id,lot_id,temperature_c,iddq_ma_0h,iddq_ma_24h,iddq_ma_96h,iddq_ma_168h,leakage_current_ua_0h,leakage_current_ua_24h,leakage_current_ua_96h,leakage_current_ua_168h,propagation_delay_ns_0h,propagation_delay_ns_24h,propagation_delay_ns_96h,propagation_delay_ns_168h
005d6d7b-daed-5918-b735-858b0ef92c7e,86b177a8-6e78-52cf-b511-e7788094e506,150.0,2.2949,2.2535,2.3072,2.2856,28.6208,31.4648,31.3383,32.584,3.8065,3.8205,3.9174,3.9451
00a1a4e8-5728-5223-9da7-ea7f46f13102,0285eccd-4d40-5cb5-9c3b-849392540576,150.0,2.2067,2.1638,2.221,2.2275,38.2562,43.0625,43.8834,42.9566,4.2138,4.2918,4.3366,4.3909
00eff13e-5a04-5796-a0e6-8f46d99264d6,0285eccd-4d40-5cb5-9c3b-849392540576,150.0,2.3392,2.3364,2.391,2.3889,39.6857,40.2132,40.2865,40.4978,3.9589,4.0339,3.9524,4.0468
00fc2d25-797a-5504-88db-2981f36bec46,1e70ad4e-7009-5647-8c36-f7324942df0d,150.0,2.4457,2.5133,2.5582,2.6168,15.0767,14.8043,14.9694,16.0809,4.2804,4.2852,4.1996,4.2564
019ea3d8-1bec-55a6-baf7-0fe090918ce9,2a9ae530-09e4-5fac-a52b-34c8ea9e69ef,85.0,0.6284,0.6646,0.6312,0.6429,2.0373,2.2162,2.1363,1.9407,4.2981,4.3312,4.3044,4.3199
01af8216-2e3a-5893-8c41-b9a14addd46a,b3a54ec0-8e8b-5419-818e-5ade81afde6a,105.0,0.9874,0.9819,1.0098,1.0002,3.8317,3.5565,3.7423,3.8144,4.205,4.2281,4.2127,4.1945
01d9a35f-4286-5cf9-951b-793c2fb0121b,717a0cee-a7e5-5728-91bd-f8465d5171b8,150.0,1.966,2.1348,2.0909,2.1323,27.4106,27.0983,27.41,27.161,4.0987,4.1411,4.1717,4.2093
02c2f105-0e4d-5523-a573-57405392b619,b3a54ec0-8e8b-5419-818e-5ade81afde6a,105.0,1.1181,1.0966,1.1645,1.1183,3.9159,3.8796,3.8949,3.9921,4.089,4.1457,4.0517,4.0625
03b1d12d-75d6-5b83-b5e7-0c33b9a5a661,2a9ae530-09e4-5fac-a52b-34c8ea9e69ef,85.0,0.6594,0.6246,0.6509,0.6486,1.906,1.9308,1.9487,1.9543,4.0938,4.1323,4.1671,4.1524
03b59caf-f1f0-5b00-9965-5d2bc3c869e8,b3a54ec0-8e8b-5419-818e-5ade81afde6a,105.0,0.9749,1.0015,1.0177,1.0366,3.9274,3.9563,3.9202,3.7802,4.2818,4.2206,4.3123,4.2497
03c249e4-6142-574f-8091-670e83e7ebfe,717a0cee-a7e5-5728-91bd-f8465d5171b8,150.0,1.883,1.9263,1.9621,2.0071,26.0818,26.7252,26.9838,26.5341,4.1144,4.1705,4.1832,4.1967
040e6edc-bd57-5c76-8696-e412b452a048,2a9ae530-09e4-5fac-a52b-34c8ea9e69ef,85.0,0.6201,0.613,0.6063,0.6356,1.9004,1.9713,1.7436,1.7253,4.0484,4.0099,4.004,3.9733
044247b3-66c6-5ed2-9fd4-9f6484030236,5a0519df-3204-597b-83b6-71b58f58ee44,125.0,1.4841,1.5026,1.5877,1.5298,9.8933,10.4451,9.7111,9.8055,4.1321,4.1391,4.1557,4.1993
044d58fa-9461-533d-b80f-2f716c0d1173,48058215-2e3b-5a0a-a2f3-ccb2d6eab20b,105.0,1.0172,1.113,2.0316,3.448,3.6095,4.4823,14.2491,31.5462,4.221,4.2262,4.2767,4.2797
04542891-d617-532f-a7e2-655c13efc7d1,2a9ae530-09e4-5fac-a52b-34c8ea9e69ef,85.0,0.7103,0.6924,0.6974,0.714,2.058,2.2602,2.1094,2.0382,4.0203,3.9985,4.0551,4.0133
047c9cde-21f5-595d-8bd5-38bb8e4ba619,2a9ae530-09e4-5fac-a52b-34c8ea9e69ef,85.0,0.6466,0.6427,0.6588,0.6575,2.0562,1.8323,1.964,1.9431,4.2326,4.1794,4.2126,4.2369
04d1ab97-03f9-57d0-b28c-39017917d180,b3a54ec0-8e8b-5419-818e-5ade81afde6a,105.0,1.1532,1.1198,1.1311,1.1213,4.6711,4.6537,4.4672,4.6789,4.3402,4.2471,4.2736,4.3179
052b9dfd-19e3-5b7c-ad72-b2fad05b989a,23449088-626d-572a-aaec-b46679b10c5e,125.0,1.405,1.4652,1.5001,1.5032,15.1683,15.1626,15.1448,14.9032,4.2529,4.334,4.2889,4.3094
053703b0-97bc-5c12-9370-4ef3e581daa0,717a0cee-a7e5-5728-91bd-f8465d5171b8,150.0,1.782,1.8325,1.8806,1.867,25.285,25.8533,24.7164,27.0104,4.1409,4.3042,4.1987,4.3376
05a7d938-c28c-549d-9fc9-ac3efa950ce1,48058215-2e3b-5a0a-a2f3-ccb2d6eab20b,105.0,1.0347,1.0479,1.0318,1.0369,3.9654,3.9699,3.8559,4.02,4.278,4.2505,4.2233,4.2254
05c13155-fec3-5259-a38d-0811380282bf,86b177a8-6e78-52cf-b511-e7788094e506,150.0,2.1717,2.2412,2.2352,2.2653,22.9055,23.4677,23.7847,25.2428,4.0854,4.068,4.0841,4.1274
05dac4d3-bcb9-5059-879f-8df48ccfbdfe,23449088-626d-572a-aaec-b46679b10c5e,125.0,1.4135,1.4732,1.4294,1.4231,13.7095,14.665,14.6098,14.9827,4.3171,4.3472,4.3561,4.2926
05ee8714-d513-5093-a1c5-987d733a88a8,516e9d9c-c7f8-5492-a3a5-086d4e0ac1b2,105.0,1.0653,1.1107,1.1134,1.1188,6.2424,6.2019,6.4307,6.4016,4.3336,4.4111,4.3262,4.3948
0627a002-4382-5509-8227-1a36fab947fd,516e9d9c-c7f8-5492-a3a5-086d4e0ac1b2,105.0,1.1509,1.1616,1.1585,1.1392,5.9827,6.2322,6.1252,6.1153,4.4147,4.3858,4.4208,4.423
07015504-664a-54ab-938f-1f2433c12a39,2a9ae530-09e4-5fac-a52b-34c8ea9e69ef,85.0,0.6199,0.6144,0.6498,0.5978,2.0617,2.4699,2.4098,2.3727,4.3365,4.3787,4.3375,4.3105
071131ba-70de-516a-8d99-2cda89c57f13,0285eccd-4d40-5cb5-9c3b-849392540576,150.0,2.1778,2.239,2.3433,2.3831,33.9273,35.642,34.0224,34.4089,4.0061,4.0449,4.0532,4.0688
0717f127-d381-5420-a146-4e6c5c6d20c2,0285eccd-4d40-5cb5-9c3b-849392540576,150.0,2.0839,2.086,2.0674,2.1441,28.2097,26.3651,27.2092,27.5799,4.1721,4.1656,4.1893,4.1723
07703be2-f333-5e5b-a100-68489e7d29b3,5a0519df-3204-597b-83b6-71b58f58ee44,125.0,1.7725,1.844,1.8118,1.8809,13.5725,13.5252,14.0051,14.2743,4.3277,4.349,4.3692,4.3575
07a70ae1-2cd2-5ed1-be9e-a722b354036f,813ea162-f43e-5732-84bd-7833109d1bd9,125.0,1.5428,1.5431,1.6139,1.5706,7.7569,8.0251,8.4758,8.5456,4.2658,4.3071,4.3588,4.376
07e1f700-30fd-5b11-9c96-a79d6c0ce534,516e9d9c-c7f8-5492-a3a5-086d4e0ac1b2,105.0,1.0047,1.0255,1.036,1.0356,4.6286,4.4642,4.5671,4.5632,4.2888,4.2716,4.2772,4.2785
081247b0-00d3-55b1-a971-6e77e77a380d,49d5c88e-7552-581b-a788-01aaf49e96e1,105.0,1.057,1.0591,1.0502,1.0457,6.3964,6.5975,7.0405,6.9269,4.1631,4.1283,4.1601,4.2086
0834a1c1-db88-5b8c-86cd-a5b70ef45a70,717a0cee-a7e5-5728-91bd-f8465d5171b8,150.0,1.9324,2.0516,2.2165,2.2528,27.9151,27.3839,28.7478,28.3635,4.2551,4.2478,4.3678,4.4163
083f8a39-0811-5475-99dc-874c01f8d6dd,48058215-2e3b-5a0a-a2f3-ccb2d6eab20b,105.0,1.1127,1.1196,1.142,1.1437,4.4742,4.4851,4.7847,4.4504,4.2592,4.2979,4.2601,4.2581
085437cc-9b98-5d31-84c2-7a7e9bbde067,1e70ad4e-7009-5647-8c36-f7324942df0d,150.0,2.1875,2.3655,2.4992,2.6628,18.825,19.86,20.281,20.8741,4.1731,4.2296,4.2646,4.1733
08830d16-8d74-56ca-a6af-519cf39d5e66,b3a54ec0-8e8b-5419-818e-5ade81afde6a,105.0,1.0895,1.0755,1.0876,1.1027,3.4848,3.2247,3.6072,3.5235,4.3202,4.2511,4.2494,4.3308
0901e3fd-0f16-53fd-8179-e8a1342edcf9,516e9d9c-c7f8-5492-a3a5-086d4e0ac1b2,105.0,1.0628,1.065,1.0404,1.0395,5.144,5.0408,5.3011,5.1389,4.3806,4.3923,4.414,4.3958
09135d3c-f059-5216-aa9e-2ad4b1b55ada,0285eccd-4d40-5cb5-9c3b-849392540576,150.0,2.4317,2.7301,2.9322,3.1047,37.9477,41.6649,40.8197,42.0587,4.4087,4.4721,4.4563,4.4654
09229b18-15ff-5ae5-a6d0-729722889726,23449088-626d-572a-aaec-b46679b10c5e,125.0,1.4533,1.5192,1.5391,1.5508,10.2214,10.7754,10.8096,11.046,4.1059,4.1346,4.1141,4.1369
09845282-e0aa-5560-8413-02df4f1d9b43,86b177a8-6e78-52cf-b511-e7788094e506,150.0,2.2256,2.2337,2.2207,2.2473,26.9549,27.747,28.5805,29.6942,4.1677,4.1729,4.1479,4.1966
09a768b6-e976-5354-bd1e-9ac4b2403dec,0285eccd-4d40-5cb5-9c3b-849392540576,150.0,1.9547,2.0956,2.0385,2.1194,25.0703,27.0054,27.7892,29.4851,4.1543,4.1687,4.1051,4.2906
09f5006a-7a54-5555-a32a-8f281238179a,b3a54ec0-8e8b-5419-818e-5ade81afde6a,105.0,1.1462,1.0756,1.1046,1.078,4.0275,4.1658,4.2523,3.968,4.2952,4.2238,4.2773,4.2749
0a10bc4e-087b-530e-947b-644e99328fb3,0285eccd-4d40-5cb5-9c3b-849392540576,150.0,1.9598,2.0357,2.1451,2.1515,24.4168,25.7828,26.0324,25.1717,3.7649,3.7419,3.8025,3.7987
0ae341ee-8ad2-522d-8525-028e55073aa0,2a9ae530-09e4-5fac-a52b-34c8ea9e69ef,85.0,0.7132,0.7066,0.7085,0.7273,2.6172,2.4125,2.6155,2.3797,4.1013,4.0974,4.1363,4.0935
0b04c618-65bd-5560-b7ae-e9624472b0fa,717a0cee-a7e5-5728-91bd-f8465d5171b8,150.0,1.888,1.9441,1.9335,1.9277,24.7303,26.6693,27.3057,27.801,4.1969,4.2609,4.3004,4.2619
0b24ed5a-7383-5589-999d-02085091e9ce,516e9d9c-c7f8-5492-a3a5-086d4e0ac1b2,105.0,1.1618,1.1573,1.1556,1.1231,5.6677,5.4915,5.3303,5.6499,4.3748,4.395,4.3492,4.3347
0b771b27-fe48-51e8-aba5-57c534775214,23449088-626d-572a-aaec-b46679b10c5e,125.0,1.3062,1.3126,1.3293,1.3294,13.2048,13.4607,13.625,13.2469,4.2439,4.3157,4.2937,4.3147
0bb4bf20-4360-55bf-b7a9-a09b18dcef8f,5a0519df-3204-597b-83b6-71b58f58ee44,125.0,1.6432,1.5941,1.7022,1.7331,11.1838,11.8023,12.517,12.0164,4.0519,4.1426,4.0831,4.1356
0bb4d66a-657a-58fc-8422-c6de7523b989,5a0519df-3204-597b-83b6-71b58f58ee44,125.0,1.6563,1.6918,1.7133,1.7941,10.27,10.5976,10.9941,11.5175,4.1104,4.1075,4.1391,4.1409
0d046331-0957-5959-897b-ebd351ccf318,48058215-2e3b-5a0a-a2f3-ccb2d6eab20b,105.0,0.9831,0.9791,0.9755,1.0071,3.3613,3.4508,3.4538,3.2062,4.2954,4.3763,4.3576,4.3646
0d046462-f432-554c-b3ca-9e7ea1ebc012,b3a54ec0-8e8b-5419-818e-5ade81afde6a,105.0,1.1604,1.0849,1.1643,1.172,4.7138,4.5733,4.8799,4.8249,4.3018,4.2383,4.2841,4.2899
0d3e2f16-d0d8-5d94-b49f-b2b08376722c,717a0cee-a7e5-5728-91bd-f8465d5171b8,150.0,1.7745,1.8182,1.8825,1.9346,24.0682,25.2047,26.2171,26.727,4.1962,4.237,4.2105,4.2322
0d77f259-dfc4-509c-9f52-cc0ee3ad2eab,0285eccd-4d40-5cb5-9c3b-849392540576,150.0,2.2608,2.3588,2.3866,2.376,36.0082,39.0107,41.2182,39.3283,3.9975,4.0336,4.0751,4.0225
0df9143c-ae36-5a5d-a4f4-0c84332972be,86b177a8-6e78-52cf-b511-e7788094e506,150.0,2.3278,2.4462,2.5094,2.5562,27.1833,27.1143,29.3595,29.3953,3.7993,3.7956,3.8918,3.8301
0e3b2e7b-39db-57bc-8968-ebf9676c7656,5a0519df-3204-597b-83b6-71b58f58ee44,125.0,1.7218,1.7167,1.711,1.7145,11.9162,12.2437,11.8957,12.1559,4.1194,4.1153,4.0944,4.0685
0e6a66fc-1806-52a6-9dda-ed7204670406,86b177a8-6e78-52cf-b511-e7788094e506,150.0,2.1657,2.3195,2.3309,2.6091,25.8038,26.3719,28.5156,41.2095,4.0436,4.0575,4.0461,4.0753
0e765687-e0b8-5e32-8c19-a21a18473134,813ea162-f43e-5732-84bd-7833109d1bd9,125.0,1.4557,1.4504,1.4545,1.5123,6.9287,7.057,7.2631,6.9927,4.2644,4.2824,4.2854,4.3165
0ec116d4-3791-5dad-b2e4-9860b0d644e4,516e9d9c-c7f8-5492-a3a5-086d4e0ac1b2,105.0,1.042,1.0581,1.0633,1.0514,5.5365,5.6173,5.5993,5.2493,4.301,4.218,4.3314,4.4313
0faa201e-0903-55e3-8570-488d63400ae1,48058215-2e3b-5a0a-a2f3-ccb2d6eab20b,105.0,0.9878,0.9978,1.0514,1.0126,3.4958,3.3017,3.3721,3.4597,4.4283,4.4121,4.4422,4.3689
0fed318b-96da-5a5e-bba9-767632133663,717a0cee-a7e5-5728-91bd-f8465d5171b8,150.0,1.8402,1.9591,1.9732,2.0784,21.4514,22.025,21.7446,23.506,4.2063,4.2396,4.3328,4.3469
107dbabf-769b-5998-89df-50a39f3c896c,0285eccd-4d40-5cb5-9c3b-849392540576,150.0,2.4775,2.4794,2.4724,2.5886,37.0447,38.5471,40.188,38.775,4.1222,4.1657,4.2062,4.1765
108a99c6-20b4-547f-8ba1-55fa9d2b23fd,717a0cee-a7e5-5728-91bd-f8465d5171b8,150.0,1.8481,1.9492,2.0162,2.0289,28.6746,29.2466,29.4662,29.6142,4.2699,4.2667,4.2876,4.3298
10f35a7d-5ff1-569e-b683-6de1be97033d,23449088-626d-572a-aaec-b46679b10c5e,125.0,1.3321,1.3682,1.3303,1.3539,11.0999,11.7022,11.1709,12.0149,4.087,4.1386,4.0991,4.1508
11056290-9f2e-57bc-9159-709e242f2d94,48058215-2e3b-5a0a-a2f3-ccb2d6eab20b,105.0,0.9953,1.0037,1.6621,3.5691,4.0735,4.2362,13.1217,37.6032,4.3223,4.3267,4.2923,4.3324
112193e9-91a2-50b2-ab8c-f6600df30c06,0285eccd-4d40-5cb5-9c3b-849392540576,150.0,1.9855,2.0717,2.1077,2.1461,23.5909,25.919,25.6237,26.1363,4.0946,4.1036,4.1335,4.1368
115cf773-b96a-554e-85fd-e87f16acc312,49d5c88e-7552-581b-a788-01aaf49e96e1,105.0,0.9743,0.9875,1.0395,1.0205,5.8175,5.8299,6.1883,6.0935,4.0725,4.0979,4.0332,4.0743
115e8e28-f921-5099-8bb7-643263a91917,23449088-626d-572a-aaec-b46679b10c5e,125.0,1.3523,1.3951,1.3706,1.4121,13.0544,13.3054,13.2587,13.7564,4.1282,4.2025,4.2274,4.1722
121ad048-14b5-5896-8949-5947ac74e4b9,48058215-2e3b-5a0a-a2f3-ccb2d6eab20b,105.0,1.0826,1.1105,1.0753,1.0934,4.5805,4.6104,4.2549,4.402,4.2457,4.3044,4.3717,4.3549
123ca702-f01b-5a83-a7ab-0ad551d11f37,1e70ad4e-7009-5647-8c36-f7324942df0d,150.0,2.2221,2.1879,2.2568,2.2896,14.7131,15.028,15.4802,15.4202,4.3204,4.3091,4.3205,4.3843
12bae7bd-c393-5164-9c94-2ea583d03f90,49d5c88e-7552-581b-a788-01aaf49e96e1,105.0,0.9417,0.9838,0.9768,0.9485,5.6701,6.1064,5.967,6.2749,4.1446,4.08,4.1804,4.135
12ed40ac-7480-57f5-90b6-15f84689fad5,86b177a8-6e78-52cf-b511-e7788094e506,150.0,2.1507,2.2909,2.3546,2.374,30.8943,30.6448,31.5639,33.8572,4.2753,4.2497,4.2527,4.2715
130a3ff7-06de-5ff4-bff9-5240fba91cfa,2a9ae530-09e4-5fac-a52b-34c8ea9e69ef,85.0,0.6049,0.6386,0.624,0.6246,1.6147,1.586,1.6251,1.6211,3.9765,4.0474,4.0134,4.0327
13ced7e9-2061-5f29-93f2-e7a420bbeb57,86b177a8-6e78-52cf-b511-e7788094e506,150.0,2.0853,2.1966,2.1932,2.2719,28.8293,29.8087,31.599,32.8847,4.0226,3.9752,4.0384,4.0466
13e72140-645b-5651-bf2f-c9a5987a0dc8,49d5c88e-7552-581b-a788-01aaf49e96e1,105.0,1.0061,1.0518,1.7613,3.0518,5.5532,6.2537,19.8376,46.6186,3.9958,3.9779,4.0481,4.0155
13f9e90a-7a2b-598e-8dc6-7d452a5c3eb5,5a0519df-3204-597b-83b6-71b58f58ee44,125.0,1.4937,1.5306,1.5636,1.5482,10.2642,10.7867,10.1738,10.7627,4.2442,4.2181,4.2287,4.23
1413f757-64d2-58da-a27a-e2b53c1f1217,2a9ae530-09e4-5fac-a52b-34c8ea9e69ef,85.0,0.586,0.5909,0.5969,0.5942,1.8132,1.7553,1.6029,1.5778,4.3329,4.2944,4.3111,4.3673
146d0d7e-84ad-512b-877c-35e6b783cd9c,48058215-2e3b-5a0a-a2f3-ccb2d6eab20b,105.0,1.1235,1.1407,1.1635,1.1855,4.2218,4.3215,4.0058,4.1269,4.1095,4.0963,4.1232,4.0351
147c7900-00b7-5a79-83c5-ea11de179778,49d5c88e-7552-581b-a788-01aaf49e96e1,105.0,1.0086,1.0205,0.993,1.0019,5.5572,5.9094,5.871,5.7952,4.1871,4.165,4.2465,4.2283
1484e50f-0920-52d2-b74b-6306f0180960,b3a54ec0-8e8b-5419-818e-5ade81afde6a,105.0,1.0999,1.1354,1.1453,1.0814,4.9234,4.7581,4.9116,4.9132,3.995,3.9617,3.9657,3.9886
149b781e-c1e8-5d0e-9c44-abfc1915ba2b,813ea162-f43e-5732-84bd-7833109d1bd9,125.0,1.4095,1.448,1.4707,1.4481,8.3819,7.8222,8.377,8.5399,4.2956,4.3314,4.2888,4.3556
14bd4466-3e70-5f5f-bdd7-39a12f0f9ace,49d5c88e-7552-581b-a788-01aaf49e96e1,105.0,0.9998,1.0046,1.0217,1.0405,5.4967,5.6174,6.0007,6.0846,4.1694,4.1475,4.1483,4.1753
14cf38cf-0ee5-5839-aa74-ed0c0c49d83d,48058215-2e3b-5a0a-a2f3-ccb2d6eab20b,105.0,1.0467,1.0372,1.013,1.017,3.4817,3.4472,3.6623,3.6249,4.3007,4.2397,4.3027,4.2904
15412d65-bc8c-506f-8737-64e264195c37,2a9ae530-09e4-5fac-a52b-34c8ea9e69ef,85.0,0.6311,0.6257,0.6493,0.6724,2.1501,2.0412,1.9989,1.881,4.239,4.2104,4.2471,4.2707
158b766f-da20-55b1-a11a-b3403ce5fcb8,48058215-2e3b-5a0a-a2f3-ccb2d6eab20b,105.0,1.0629,1.0399,0.9974,1.0254,3.8967,3.9135,4.3077,4.1548,4.2849,4.3116,4.339,4.3085
15adf4b5-24dd-5b61-945a-4311c6eff9e2,48058215-2e3b-5a0a-a2f3-ccb2d6eab20b,105.0,0.933,0.959,0.9634,0.9603,2.9453,2.8138,2.7221,2.9467,4.2581,4.2652,4.2623,4.3234
16082168-75e4-5ab4-a018-e75bcea15cd8,5a0519df-3204-597b-83b6-71b58f58ee44,125.0,1.5795,1.5895,1.6582,1.678,10.3945,10.2081,11.1629,11.1502,4.0702,4.0022,4.0388,3.9716
160b7877-70cd-5773-9d98-853c42ee4216,5a0519df-3204-597b-83b6-71b58f58ee44,125.0,1.5538,1.5411,1.8587,2.3419,8.9843,9.057,14.5499,23.4467,4.1827,4.1839,4.1642,4.1879
1692de83-5b96-525c-8efb-beebe52a947b,5a0519df-3204-597b-83b6-71b58f58ee44,125.0,1.7683,1.7613,1.823,1.8457,12.3825,12.2449,12.2455,12.4856,4.2484,4.3288,4.3231,4.2262
169d1cc4-55b0-5577-8dee-538e355a3d36,48058215-2e3b-5a0a-a2f3-ccb2d6eab20b,105.0,1.0463,1.0479,1.0324,1.0622,3.9632,4.0258,4.0247,4.167,4.4342,4.4265,4.3517,4.3836
16e6baa4-b66b-5d88-bb83-01a9b13fc32f,1e70ad4e-7009-5647-8c36-f7324942df0d,150.0,2.1453,2.3408,2.5251,2.5208,15.1915,15.3253,15.4467,15.7061,4.0121,3.9407,4.0789,4.0448
17008383-914b-5315-8c03-b775c216b87d,b3a54ec0-8e8b-5419-818e-5ade81afde6a,105.0,1.0016,1.0096,1.3335,2.9074,4.4487,4.6675,9.2074,31.713,4.2351,4.217,4.2761,4.2301
17dd4d5c-8ab0-54c9-9ecd-d05b742ce2cd,0285eccd-4d40-5cb5-9c3b-849392540576,150.0,2.1155,2.1133,2.2402,2.1891,31.8175,32.1657,32.7369,32.8842,4.0834,4.0448,4.0942,4.0747
17fd9235-3be0-5a99-bdf5-6152d30bcbce,b3a54ec0-8e8b-5419-818e-5ade81afde6a,105.0,1.17,1.1714,1.1983,1.1958,4.6083,4.5707,4.5291,4.9602,4.4239,4.3608,4.3687,4.3494
1836ffa2-4a66-5905-806c-6316c8bad66a,23449088-626d-572a-aaec-b46679b10c5e,125.0,1.3243,1.3569,1.3496,1.3719,40.0945,40.8839,39.3734,40.2018,4.0927,4.0451,4.0656,4.1002
1873f4fd-7b88-5504-aa2b-cbd3cd500fd5,49d5c88e-7552-581b-a788-01aaf49e96e1,105.0,1.0351,1.0412,1.0404,1.0401,6.3216,6.537,6.1591,6.2438,4.08,4.1054,4.0868,4.0483
19352f94-5a90-5763-bb64-93854776e069,48058215-2e3b-5a0a-a2f3-ccb2d6eab20b,105.0,1.0741,1.0795,1.0987,1.0611,3.7662,3.7712,3.9676,3.815,4.2159,4.2594,4.2306,4.2771
1975edad-5121-510a-915d-6d8bd246d251,0285eccd-4d40-5cb5-9c3b-849392540576,150.0,2.1925,2.3001,2.3909,2.4533,31.313,32.0339,32.5669,33.863,4.1486,4.2336,4.2752,4.3282
197d9bac-f7d8-58f0-86f3-82d73c0779e1,5a0519df-3204-597b-83b6-71b58f58ee44,125.0,1.5363,1.5767,1.5701,1.5355,8.4668,8.2335,8.6681,8.5556,4.0108,3.9889,4.0421,3.9854
19fee345-65ad-5487-bb01-5aaff5462978,86b177a8-6e78-52cf-b511-e7788094e506,150.0,2.1809,2.2285,2.2231,2.3067,29.6908,31.3262,32.2142,31.9247,4.1774,4.1841,4.1741,4.1987
1a29c933-57e9-5015-85ad-345bdec282e4,1e70ad4e-7009-5647-8c36-f7324942df0d,150.0,2.1315,2.1855,2.2156,2.2497,14.9662,14.629,15.0017,15.0149,4.0963,4.0937,4.1525,4.1188
1a2bdd84-0595-5dba-978f-4bc0d260142a,516e9d9c-c7f8-5492-a3a5-086d4e0ac1b2,105.0,1.0793,1.0744,1.0837,1.1141,5.433,5.2067,5.5264,5.6295,4.1189,4.0935,4.093,4.1322
1a59a410-e101-5263-82d6-023d70ec024b,813ea162-f43e-5732-84bd-7833109d1bd9,125.0,1.4543,1.4574,1.4608,1.4189,7.7664,7.3359,7.6294,7.9829,4.4637,4.4672,4.4609,4.5064
1a9bdb47-f52b-5835-b5ee-8a5be70cd106,0285eccd-4d40-5cb5-9c3b-849392540576,150.0,2.0904,2.1779,2.2396,2.2464,33.555,37.17,39.0843,40.0257,4.1828,4.1669,4.2219,4.209
1adde59c-75a8-5a21-941d-6f18357776e3,813ea162-f43e-5732-84bd-7833109d1bd9,125.0,1.5794,1.6121,1.6618,1.6856,9.6887,9.7068,9.0297,9.675,4.5858,4.5698,4.6249,4.6215
1b4ec64e-0b2a-5418-8484-5a699d406ce4,5a0519df-3204-597b-83b6-71b58f58ee44,125.0,1.672,1.6619,1.6747,1.7557,8.8041,8.8417,9.5412,9.2841,3.97,4.043,4.0013,3.9815
1b5c0055-621a-5121-8d76-b6a768f92783,0285eccd-4d40-5cb5-9c3b-849392540576,150.0,2.111,2.1491,2.1812,2.2028,28.2226,29.3591,29.6261,31.0708,3.9989,3.9718,4.097,4.0128
1b7e94c9-b5e8-5ec4-8d1f-e38923259b65,717a0cee-a7e5-5728-91bd-f8465d5171b8,150.0,1.9789,1.9938,2.1045,2.0315,34.1575,35.0165,35.3336,36.8162,3.9996,4.0148,4.0025,4.0288
1be126ec-a940-5a02-b815-3b3e6316045d,0285eccd-4d40-5cb5-9c3b-849392540576,150.0,2.2532,2.3526,2.5502,2.4632,33.508,35.3883,34.8952,37.5998,4.1179,4.1313,4.1505,4.0886
1c3cec3f-118e-55e6-a638-d5a0f17f355f,1e70ad4e-7009-5647-8c36-f7324942df0d,150.0,2.0596,2.1922,2.2773,2.222,17.0769,16.8785,17.6946,17.6657,4.2597,4.3184,4.2813,4.3335
1c4b0f20-905c-5792-9bde-991403f08bf5,49d5c88e-7552-581b-a788-01aaf49e96e1,105.0,1.0267,1.0318,1.0388,0.9865,6.7017,6.9593,6.764,6.8451,4.1573,4.1174,4.0948,4.1204
1c86d6a2-a622-51d6-b388-5944bdd13730,813ea162-f43e-5732-84bd-7833109d1bd9,125.0,1.397,1.4218,1.4294,1.4694,7.2569,7.0115,7.511,7.7384,4.248,4.1999,4.2929,4.2895
1d4a77f4-1ccc-5b1f-81e9-3aea33c2c505,0285eccd-4d40-5cb5-9c3b-849392540576,150.0,2.0576,2.0247,2.1348,2.0404,29.4864,28.9683,31.3146,31.8366,3.8501,3.8521,3.8254,3.8924
1d578d0e-07c9-5fc2-a137-156dbf01e545,813ea162-f43e-5732-84bd-7833109d1bd9,125.0,1.4047,1.3797,1.463,1.4526,6.961,6.9882,6.8967,6.9983,4.3894,4.3253,4.3199,4.3328
1dc5495e-a04a-583e-aaa3-5dc219d2986e,2a9ae530-09e4-5fac-a52b-34c8ea9e69ef,85.0,0.5977,0.6332,0.6241,0.6238,2.0712,1.885,1.8211,2.0303,4.1793,4.109,4.1529,4.1584
1dcd7f72-579d-5a09-950b-4699aaf26ce3,86b177a8-6e78-52cf-b511-e7788094e506,150.0,2.2868,2.4561,2.5947,2.6468,27.0791,26.7382,28.4656,28.6657,4.1201,4.1217,4.1603,4.1659
1ddcdf2f-686e-5098-9a55-457da0e316ff,0285eccd-4d40-5cb5-9c3b-849392540576,150.0,2.1152,2.2401,2.3488,2.3821,33.7354,33.9448,33.7395,34.703,4.0438,4.0476,4.0764,4.0889
1e86e448-8546-544f-870a-455249d7e731,2a9ae530-09e4-5fac-a52b-34c8ea9e69ef,85.0,0.6212,0.6448,0.619,0.6179,1.7131,1.6293,1.7396,1.6344,4.1095,4.1411,4.1654,4.1558
1e8913df-ae93-5008-9ca4-9f3068068ed7,717a0cee-a7e5-5728-91bd-f8465d5171b8,150.0,1.767,1.8366,1.8428,1.8771,24.9375,25.3014,26.8795,26.8292,4.0741,4.1324,4.227,4.2712
1e8ea6f9-d547-5066-a943-f159cd1c3210,0285eccd-4d40-5cb5-9c3b-849392540576,150.0,2.2142,2.1868,2.2568,2.2712,27.1449,28.6553,29.3956,30.8451,4.2792,4.2668,4.2955,4.2165
1ea2ef68-7ad1-5f9d-b2c1-e2bad1315993,516e9d9c-c7f8-5492-a3a5-086d4e0ac1b2,105.0,1.1573,1.1473,1.1585,1.1651,6.4169,6.3959,6.4618,6.2163,4.2046,4.2048,4.2091,4.2074
1ebc6d60-12fa-55be-b720-fd465f6a6ad7,23449088-626d-572a-aaec-b46679b10c5e,125.0,1.4163,1.3851,1.4441,1.4348,12.5988,12.4564,12.3601,12.8761,4.2078,4.211,4.2552,4.1935
1f4e8160-3c17-5552-9b42-8bfa95b705ec,b3a54ec0-8e8b-5419-818e-5ade81afde6a,105.0,1.0867,1.1696,1.1154,1.1463,4.4626,4.5231,4.7932,4.4792,4.2552,4.2192,4.191,4.275
1f7be24e-db90-52da-95b6-8693ee0919f4,b3a54ec0-8e8b-5419-818e-5ade81afde6a,105.0,1.1533,1.1191,1.1254,1.1543,4.4471,4.3654,4.4166,4.3586,4.0833,4.1083,4.1398,4.1419
1fbfe23a-b770-5952-b7c7-d17b81b8642f,5a0519df-3204-597b-83b6-71b58f58ee44,125.0,1.5852,1.5529,1.5939,1.543,8.5906,9.0186,9.0346,9.2016,4.1094,4.1584,4.0945,4.1478
1febaa8f-65b1-56f9-b5a2-f08318a5837e,0285eccd-4d40-5cb5-9c3b-849392540576,150.0,2.2759,2.426,2.4,2.4658,29.8623,33.6474,33.6857,35.7965,4.24,4.216,4.2154,4.186
200dc2f6-bdca-5e37-b987-d3ca1e9b7e9a,49d5c88e-7552-581b-a788-01aaf49e96e1,105.0,0.9912,1.0103,1.004,0.9924,5.7043,5.3701,5.6372,5.3792,4.2747,4.2826,4.2674,4.2591
201d8fd5-003c-59bf-97db-96befb8f7613,49d5c88e-7552-581b-a788-01aaf49e96e1,105.0,1.1229,1.0661,1.0961,1.0982,7.3706,7.7729,7.7836,7.7547,3.9871,3.9761,3.9521,3.9875
2031d351-083c-5565-9a0e-b0a778cb569b,49d5c88e-7552-581b-a788-01aaf49e96e1,105.0,0.9696,0.971,1.0073,0.9921,4.9283,5.0962,5.0856,5.1962,3.9868,3.9417,4.0191,3.9983
2051016c-5690-5d00-bb9a-9d84a0d2e3e9,48058215-2e3b-5a0a-a2f3-ccb2d6eab20b,105.0,1.055,1.0698,1.082,1.0678,4.0416,4.3339,4.2397,4.1791,4.2949,4.2615,4.2436,4.2806
20730632-007e-5afd-9efe-c76414db5ccf,1e70ad4e-7009-5647-8c36-f7324942df0d,150.0,2.1309,2.4071,3.2737,4.079,15.838,19.2873,35.7323,57.9665,4.4077,4.4078,4.3855,4.4061
207ad5e0-27d9-55e5-a728-44363ecb3560,2a9ae530-09e4-5fac-a52b-34c8ea9e69ef,85.0,0.6573,0.6307,0.6219,0.6357,1.9688,2.0209,2.0165,2.0644,4.2607,4.2894,4.3271,4.3251
2099305e-afa8-5629-bdd6-f46cfc4d2ebb,813ea162-f43e-5732-84bd-7833109d1bd9,125.0,1.2152,1.2222,1.3164,1.3017,6.5331,6.7658,6.5504,6.7751,4.4483,4.493,4.4803,4.4557
20b5905d-9569-5617-9d1a-de6d022c5398,23449088-626d-572a-aaec-b46679b10c5e,125.0,1.2877,1.3141,1.3013,1.3336,11.8187,12.0051,12.0286,12.4234,4.4213,4.4067,4.3949,4.3925
20fbb7d9-296e-5180-b086-37a6dd5d9285,516e9d9c-c7f8-5492-a3a5-086d4e0ac1b2,105.0,1.0221,1.0453,1.0733,1.0983,3.9529,4.0974,4.3163,4.0562,4.2586,4.2569,4.2643,4.2532
21ceef9d-ad82-5712-a691-48c67a3a51ce,48058215-2e3b-5a0a-a2f3-ccb2d6eab20b,105.0,1.0594,1.0908,1.1146,1.0786,3.9134,4.1634,4.084,4.2886,4.2653,4.2079,4.3106,4.2396
21f64464-01c3-577a-83e1-ac78f219f5a5,23449088-626d-572a-aaec-b46679b10c5e,125.0,1.3586,1.3619,1.3811,1.3768,15.5797,15.2904,15.4087,15.3639,4.2099,4.2403,4.2376,4.2146
222a2fc4-c602-5cd5-bacb-9e6eff0bae1b,86b177a8-6e78-52cf-b511-e7788094e506,150.0,2.2225,2.327,2.3832,2.4074,27.8112,28.8078,28.2081,30.0064,4.1252,4.1996,4.2462,4.3683
22433d89-c61e-5e21-9fd0-9bdf8f833e85,813ea162-f43e-5732-84bd-7833109d1bd9,125.0,1.3973,1.4035,1.4114,1.4598,7.4899,7.9077,7.0925,7.5161,4.3482,4.3408,4.362,4.2844
2288f220-2b66-5f82-a26f-8c3a1870391d,516e9d9c-c7f8-5492-a3a5-086d4e0ac1b2,105.0,1.1144,1.0829,1.0534,1.0953,5.7259,5.6835,5.3652,5.2698,4.3081,4.2309,4.2522,4.2719
2382df36-09a7-5f7e-be41-f932c1942c5b,1e70ad4e-7009-5647-8c36-f7324942df0d,150.0,2.2383,2.2663,2.3204,2.3311,16.8749,17.7698,17.4675,18.7182,4.1059,4.1174,4.1347,4.1569
23d50a84-76ab-5a06-b625-0c4eb729f950,23449088-626d-572a-aaec-b46679b10c5e,125.0,1.4181,1.4028,1.4473,1.4473,13.7192,13.9767,13.5909,13.6663,4.1231,4.1682,4.167,4.1371
2450ac18-61bd-5799-bcb6-02d2491981ff,49d5c88e-7552-581b-a788-01aaf49e96e1,105.0,1.0603,1.1144,1.1134,1.117,6.4715,6.4004,6.5884,6.6482,4.0931,4.0808,4.1063,4.1192
24515c3c-fdaa-54cb-bb39-57b789d62ca9,b3a54ec0-8e8b-5419-818e-5ade81afde6a,105.0,1.0272,1.0498,1.038,1.0565,4.0395,4.0062,4.0056,4.338,4.2835,4.2905,4.3245,4.3273
245514ee-6475-52fc-a091-2757e55d2a4e,b3a54ec0-8e8b-5419-818e-5ade81afde6a,105.0,1.1468,1.1149,1.0931,1.0647,4.5606,4.4331,4.2532,4.4349,4.282,4.3148,4.2757,4.2861
247b2c83-5cdb-591c-a18d-9c5ae45f416e,516e9d9c-c7f8-5492-a3a5-086d4e0ac1b2,105.0,1.1703,1.129,1.1565,1.1778,5.0891,5.2546,5.2739,5.0073,4.1395,4.1387,4.2595,4.2047
249ce1d4-8bcd-5dc9-818b-8c9c71820d32,1e70ad4e-7009-5647-8c36-f7324942df0d,150.0,2.4344,2.5251,2.5284,2.5011,20.4473,20.4649,21.3456,22.7288,4.3131,4.37,4.4043,4.3411
24a383f2-6a13-56d2-a8b5-fa208b053556,516e9d9c-c7f8-5492-a3a5-086d4e0ac1b2,105.0,0.9833,0.9926,0.9903,1.0168,5.0225,4.9956,5.0115,5.0096,4.474,4.4825,4.3703,4.4647
24a74750-87d8-55ec-949c-00ec5a3901aa,86b177a8-6e78-52cf-b511-e7788094e506,150.0,2.1524,2.2648,2.2171,2.2462,24.3696,24.9793,25.5558,25.6481,4.2462,4.2271,4.3334,4.3431
24f8935c-8639-54bb-9c3e-914f135553cc,49d5c88e-7552-581b-a788-01aaf49e96e1,105.0,0.973,1.2781,2.0227,2.9353,5.6062,9.9372,24.2907,40.2356,4.333,4.3532,4.3051,4.3062
25c0e284-99e6-5453-a336-78ffac7ef039,0285eccd-4d40-5cb5-9c3b-849392540576,150.0,2.146,2.0999,2.2779,2.199,31.149,33.4598,35.7079,35.4942,4.0703,4.0819,4.1597,4.0826
260aa88b-f7ed-5fbb-a03f-6e657a645965,5a0519df-3204-597b-83b6-71b58f58ee44,125.0,1.6714,1.6617,1.6439,1.6693,8.5959,9.2772,9.0335,8.6282,4.3006,4.3032,4.3864,4.3043
26a3be59-2e1f-5061-b6c7-8a193dc67404,813ea162-f43e-5732-84bd-7833109d1bd9,125.0,1.2692,1.2871,1.3584,1.2925,7.4431,7.4468,7.1442,7.2838,4.3776,4.4335,4.4205,4.4089
26af8b26-8d83-5e09-92ff-0b2c7a4f8f98,1e70ad4e-7009-5647-8c36-f7324942df0d,150.0,2.1999,2.3683,2.847,3.303,16.5719,18.2504,27.5888,39.6871,4.2187,4.3124,4.3384,4.4205
26b5cca9-f4c9-5712-b05c-20e7c4a6dfdf,1e70ad4e-7009-5647-8c36-f7324942df0d,150.0,1.9345,2.5376,2.9323,3.4012,16.0632,16.5706,21.4058,30.7558,4.3599,4.3688,4.372,4.3858
2739d478-6c15-541d-85f8-3b3cfdf1893f,717a0cee-a7e5-5728-91bd-f8465d5171b8,150.0,1.8118,1.8197,1.9026,1.8712,24.1729,24.4097,24.966,24.1505,4.1686,4.2482,4.2648,4.2358
276bfc1f-cb5a-5764-a51d-d4922cca49ab,48058215-2e3b-5a0a-a2f3-ccb2d6eab20b,105.0,1.0262,1.0216,1.064,1.0093,3.7898,3.7268,3.9323,3.8813,4.1785,4.2496,4.211,4.199
27a160da-880c-5380-aa0f-22b51de434cb,5a0519df-3204-597b-83b6-71b58f58ee44,125.0,1.5965,1.653,1.6747,1.6316,11.8773,11.8144,11.7579,12.3418,4.0972,4.1686,4.1627,4.1916
27c433a9-1c22-5890-8089-3a0af386a7ce,23449088-626d-572a-aaec-b46679b10c5e,125.0,1.3435,1.3504,1.3563,1.3569,13.381,13.9113,14.2986,14.4999,4.2056,4.2619,4.2708,4.2941
27eab7e5-b7f8-5f2d-af18-3a8fff0253e7,0285eccd-4d40-5cb5-9c3b-849392540576,150.0,1.9392,1.967,2.0015,2.1228,23.6286,24.3701,24.1164,25.2413,4.0974,4.1506,4.1935,4.2249
28c749c2-1083-5b51-8a7d-9b63239f5d44,86b177a8-6e78-52cf-b511-e7788094e506,150.0,2.1669,2.1859,2.2953,2.2051,29.2598,29.9438,28.8538,29.569,4.1227,4.1337,4.1806,4.1842
28fde121-5a48-59b6-bc08-700d813d78c5,813ea162-f43e-5732-84bd-7833109d1bd9,125.0,1.3679,1.3861,1.459,1.4313,7.5667,7.8976,7.4676,7.4425,4.4546,4.4144,4.4191,4.4874
2992410e-2501-5443-9cdc-3a83b8c0b2de,5a0519df-3204-597b-83b6-71b58f58ee44,125.0,1.7619,1.7201,1.7963,1.7628,11.8818,11.9907,12.2478,12.3816,4.0508,4.0352,4.0108,4.0683
29bb16b3-8337-5a8b-9285-d14284284146,b3a54ec0-8e8b-5419-818e-5ade81afde6a,105.0,1.0351,1.0435,1.028,1.0273,3.7179,3.8653,3.8819,4.1059,4.3242,4.2576,4.3125,4.2816
29c4c4b2-2aa1-5550-8651-28726de06400,b3a54ec0-8e8b-5419-818e-5ade81afde6a,105.0,1.0497,1.0793,1.0722,1.0652,4.6279,4.5343,4.3594,4.5428,4.2088,4.2565,4.2563,4.2826
29cc8010-db62-5f39-8053-92d287cb138d,86b177a8-6e78-52cf-b511-e7788094e506,150.0,2.1724,2.1845,2.2872,2.2653,32.0328,35.3114,35.6896,36.684,4.1339,4.201,4.1846,4.1835
2a22ee39-d93e-59da-a12e-6ce724222942,813ea162-f43e-5732-84bd-7833109d1bd9,125.0,1.3282,1.342,1.314,1.3743,6.4985,6.4287,7.0038,6.7992,4.3665,4.4507,4.4215,4.3969
2a28b473-f35c-55d0-8d35-bed89cb74baa,23449088-626d-572a-aaec-b46679b10c5e,125.0,1.2757,1.3363,1.3591,1.4141,10.8259,10.866,10.9282,11.3054,4.2329,4.3121,4.2364,4.295
2aa8b0ce-c98c-5072-99ad-a5e0a8b1a07b,49d5c88e-7552-581b-a788-01aaf49e96e1,105.0,0.9942,1.0605,1.0512,1.0167,5.8196,6.1449,5.8324,6.0319,4.0793,4.0636,4.0349,4.0243
2b35da7f-5411-5ab6-818f-7f1b98f36883,48058215-2e3b-5a0a-a2f3-ccb2d6eab20b,105.0,1.0608,1.1131,1.1122,1.0814,3.8863,4.0221,4.1087,3.8602,4.1396,4.2106,4.184,4.1268
2b8797c8-2ad0-53cf-b899-0680ec3c8f03,5a0519df-3204-597b-83b6-71b58f58ee44,125.0,1.7187,1.6933,1.7786,1.7801,10.5312,10.4502,10.5817,10.6928,3.9502,3.9284,3.9507,3.9981
2bb24ff7-dc53-5688-a5a0-f259e0615754,813ea162-f43e-5732-84bd-7833109d1bd9,125.0,1.3991,1.4464,1.7959,2.5244,8.8265,8.5708,15.6087,31.1573,4.4234,4.435,4.4725,4.4442
2bcc751b-60ac-5c29-aa2b-a2314f0cddde,717a0cee-a7e5-5728-91bd-f8465d5171b8,150.0,1.8695,1.9697,1.9885,2.0008,25.6787,27.5638,27.9811,29.3114,4.0446,4.0424,4.0711,4.1128
2bcebd5b-c7b6-52d9-a69e-abfa5143c8b0,5a0519df-3204-597b-83b6-71b58f58ee44,125.0,1.6456,1.6905,2.0233,2.605,10.0463,11.0517,18.79,30.1573,4.0807,4.1182,4.1918,4.155
2bd79907-6c36-5fb4-b8b9-42578f8e5857,48058215-2e3b-5a0a-a2f3-ccb2d6eab20b,105.0,1.1192,1.0989,1.1423,1.1753,4.8389,4.7944,4.6568,4.7753,4.378,4.3599,4.3056,4.3643
2be0cdbd-a227-5d22-8e34-a6ee64e3a643,5a0519df-3204-597b-83b6-71b58f58ee44,125.0,1.6942,1.7254,1.8084,1.7586,11.8815,11.8927,12.4283,12.6151,4.0699,4.0797,4.0457,4.0902
2cacd3cc-6e89-5451-be63-0d887a30fc0e,2a9ae530-09e4-5fac-a52b-34c8ea9e69ef,85.0,0.6846,0.716,1.2871,3.357,2.0278,2.024,8.069,29.875,4.0933,4.1455,4.1052,4.1398
2d07101b-9350-59e3-9a3f-59ecbe4090e2,48058215-2e3b-5a0a-a2f3-ccb2d6eab20b,105.0,0.9697,0.9671,0.9625,0.9652,3.2103,3.2997,3.221,3.2758,4.4184,4.3743,4.4456,4.4602
2d44ba61-6f16-5c12-b83e-eba331a569b7,49d5c88e-7552-581b-a788-01aaf49e96e1,105.0,1.0266,1.0982,1.0923,1.1055,5.6148,5.8636,5.9247,5.7133,4.1199,4.0879,4.1091,4.0608
2d76a05f-f93e-54c1-9fb8-320d3285b543,5a0519df-3204-597b-83b6-71b58f58ee44,125.0,1.7617,1.7441,1.75,1.8237,12.9608,13.6068,13.4487,13.5196,4.3422,4.3472,4.3779,4.4265
2dc96b42-97b1-5727-a8a9-484bc77543b2,49d5c88e-7552-581b-a788-01aaf49e96e1,105.0,0.9299,0.9513,0.9319,0.9477,5.4344,5.4664,5.7079,5.3071,4.1992,4.2161,4.2251,4.2003
2e2c5346-cf42-5746-8e7d-83eac94889eb,b3a54ec0-8e8b-5419-818e-5ade81afde6a,105.0,1.0704,1.0444,1.1069,1.1033,4.6359,4.6871,4.8266,4.8299,4.2539,4.3471,4.2612,4.2938
2e77ff2d-6da0-5533-9397-7be9d409bd70,b3a54ec0-8e8b-5419-818e-5ade81afde6a,105.0,1.1846,1.1596,1.1944,1.1672,5.3385,5.3991,4.7839,4.9838,4.1558,4.146,4.1512,4.1351
2e84bcae-6335-57df-af1c-c8a6749b0cb6,2a9ae530-09e4-5fac-a52b-34c8ea9e69ef,85.0,0.5889,0.5811,0.5741,0.5836,1.7822,1.6058,1.6818,1.7511,4.0442,4.0111,4.0726,3.9848
2eac3d5c-8959-5a16-b6ab-1b203e0e1374,1e70ad4e-7009-5647-8c36-f7324942df0d,150.0,2.1334,2.2173,2.8199,3.8259,16.8377,19.4846,33.6283,56.9837,4.3089,4.27,4.3317,4.3502
2fe4b09f-9f84-5b7f-b12c-1701f04f175a,516e9d9c-c7f8-5492-a3a5-086d4e0ac1b2,105.0,1.0638,1.0669,1.1031,1.0527,4.2588,4.3617,4.4118,4.1231,4.316,4.2611,4.3089,4.2682
3047bdf8-e691-5bce-8b61-9a1053a0f4ae,5a0519df-3204-597b-83b6-71b58f58ee44,125.0,1.5356,1.6393,1.6285,1.6018,8.7821,8.9375,9.1123,9.4476,3.9891,4.012,4.0482,4.0146
308508cf-7379-576f-8250-2d4e4c2c59de,49d5c88e-7552-581b-a788-01aaf49e96e1,105.0,1.0106,1.0,1.0342,1.0248,5.4036,5.4934,5.4231,5.7088,3.9564,3.9994,4.0296,3.9968
309e1e76-f010-5588-80c9-5013863053eb,717a0cee-a7e5-5728-91bd-f8465d5171b8,150.0,2.0233,2.0109,2.0688,2.0238,26.1825,27.4472,26.5767,28.162,4.2909,4.3151,4.3174,4.3408
30acc406-52f9-55fd-9d93-b347a040f250,0285eccd-4d40-5cb5-9c3b-849392540576,150.0,2.0572,2.0618,2.1609,2.2075,27.5194,29.0992,29.9514,31.6211,4.2119,4.2542,4.2401,4.2971
30ae37c2-6e51-5df9-876d-4af9721632ec,86b177a8-6e78-52cf-b511-e7788094e506,150.0,2.0365,2.094,2.2042,2.1605,24.5788,25.4365,26.2529,26.5312,4.1782,4.2709,4.2924,4.2399
30ff2435-3587-5423-a19b-71cc46ffc784,1e70ad4e-7009-5647-8c36-f7324942df0d,150.0,2.1464,2.139,2.1568,2.1996,16.8504,17.467,17.2655,17.2047,4.3242,4.3516,4.3889,4.4063
31131c63-7798-5e0a-9911-bd5c32ef38df,48058215-2e3b-5a0a-a2f3-ccb2d6eab20b,105.0,1.0299,1.0431,1.021,1.0647,4.4665,4.3704,4.3669,4.8369,4.2946,4.3353,4.3441,4.3734
3130b496-ced5-5a1e-9dc0-0dcce39703e2,23449088-626d-572a-aaec-b46679b10c5e,125.0,1.4284,1.4986,1.4516,1.5537,14.3769,15.4676,15.6067,15.2871,4.2944,4.3505,4.3253,4.3423
3150b8b9-371f-5f43-8f15-bc66993fa63f,49d5c88e-7552-581b-a788-01aaf49e96e1,105.0,1.177,1.1477,1.1715,1.1565,9.2142,9.1892,9.1231,9.2883,4.3768,4.4287,4.3757,4.4108
3223a701-796f-5959-a7f1-e3bd6caa977c,0285eccd-4d40-5cb5-9c3b-849392540576,150.0,2.198,2.3495,2.3345,2.43,28.0887,30.1475,33.8962,37.8388,4.1726,4.1343,4.1593,4.148
3228400b-828a-5bf4-b412-a60e9f991af3,86b177a8-6e78-52cf-b511-e7788094e506,150.0,2.0871,2.1307,2.2483,2.2611,21.9111,22.5118,23.2093,22.4707,3.9891,3.9866,4.03,4.0202
3228b24f-7fa1-5de2-977d-919abef0dd3b,b3a54ec0-8e8b-5419-818e-5ade81afde6a,105.0,1.0496,1.0241,1.0306,1.0773,4.4058,4.5452,4.3935,4.3216,4.1082,4.1025,4.1763,4.143
32925c7c-8672-58a7-be99-9738a56b6b32,5a0519df-3204-597b-83b6-71b58f58ee44,125.0,1.5967,1.6436,1.6014,1.6457,10.2495,9.7281,10.3795,10.369,4.153,4.139,4.1634,4.1916
32bc2b86-8f3e-55dc-8ffa-6a16efe56cf9,b3a54ec0-8e8b-5419-818e-5ade81afde6a,105.0,1.1031,1.1076,1.1198,1.0927,4.6757,4.7358,5.0292,4.9376,4.1077,4.0728,4.1467,4.1124
32fd957c-78c7-52e4-9b62-2e5abb79495a,5a0519df-3204-597b-83b6-71b58f58ee44,125.0,1.6481,1.7537,1.7053,1.7807,12.5885,12.1287,12.364,12.8348,4.2089,4.2426,4.2866,4.2769
33d1eeb7-f127-5678-809c-e8c3bfbc54e8,516e9d9c-c7f8-5492-a3a5-086d4e0ac1b2,105.0,1.0552,1.0366,1.0601,1.0641,4.7777,4.8956,5.1069,4.8987,4.2609,4.2483,4.2812,4.3727
349692cb-f700-549d-b773-d1d545f3662f,48058215-2e3b-5a0a-a2f3-ccb2d6eab20b,105.0,1.1395,1.1654,1.1281,1.0803,4.077,3.952,4.1792,4.2903,4.2454,4.2256,4.2129,4.2265
34db28cc-77e2-5c73-81b9-52b7aa90feb5,813ea162-f43e-5732-84bd-7833109d1bd9,125.0,1.3376,1.3584,1.3519,1.351,7.3818,7.0763,7.2974,7.4782,4.4346,4.4375,4.3472,4.3695
354dd9d3-345f-5752-a078-5fdd4a9e28e7,516e9d9c-c7f8-5492-a3a5-086d4e0ac1b2,105.0,1.2495,1.2362,1.259,1.2415,6.6392,6.6325,6.3274,6.3955,3.9724,4.0308,4.0321,4.0708
35d4e026-2633-5063-9190-807d1c7f743d,86b177a8-6e78-52cf-b511-e7788094e506,150.0,2.1622,2.261,2.4478,2.6775,26.6484,28.4897,36.3367,42.886,4.073,4.0619,4.1312,4.1384
35f5f67e-c054-5620-96b7-be8465fee07c,0285eccd-4d40-5cb5-9c3b-849392540576,150.0,2.0804,2.1724,2.1444,2.1006,31.4067,31.9852,33.2873,32.4669,3.8583,4.0041,3.9857,3.9964
36079a59-c2b2-570e-8afc-bc724250e3e7,49d5c88e-7552-581b-a788-01aaf49e96e1,105.0,1.0527,1.0285,1.0376,1.043,5.6903,5.5937,5.3475,5.4976,3.9342,3.9609,3.9517,3.9163
36173cb0-ba4a-5054-a4be-f77493253102,0285eccd-4d40-5cb5-9c3b-849392540576,150.0,2.0776,2.0599,2.1306,2.1916,29.6432,31.2651,32.1187,32.4448,3.8821,3.9948,3.9309,4.0046
362723d9-ff83-5d44-bd8e-538e2d98b318,b3a54ec0-8e8b-5419-818e-5ade81afde6a,105.0,1.1657,1.1828,1.168,1.1654,4.121,4.0807,4.228,4.3786,4.1223,4.1471,4.1513,4.1504
3639adad-0d41-5496-9378-38761ecefbe7,86b177a8-6e78-52cf-b511-e7788094e506,150.0,2.1504,2.1685,2.3412,2.3911,25.6824,27.271,27.3457,27.2686,4.0756,4.1803,4.18,4.2001
36464f26-2e62-5757-97ef-b24caaafa7da,2a9ae530-09e4-5fac-a52b-34c8ea9e69ef,85.0,0.6627,0.6929,0.6956,0.6555,1.8165,1.8905,1.9044,1.8602,4.2473,4.2251,4.2299,4.2373
36ce7958-eb0a-5218-8daa-96bbbfd35d04,86b177a8-6e78-52cf-b511-e7788094e506,150.0,2.0832,2.1336,2.2311,2.3178,27.047,29.9126,31.0529,32.1206,3.9985,4.0892,4.1464,4.1844
3734a642-a1a3-5a9a-b1a8-4e65d2ebc42a,0285eccd-4d40-5cb5-9c3b-849392540576,150.0,2.0117,2.0959,2.1131,2.1841,26.2497,27.4626,28.8202,29.6814,4.1607,4.2239,4.1441,4.2411
3765d137-3e9a-51a7-9011-a300f29a8e66,0285eccd-4d40-5cb5-9c3b-849392540576,150.0,2.0909,2.1168,2.2191,2.1343,27.364,29.7144,30.9523,30.7218,4.1473,4.1908,4.2223,4.2259
377e1e32-0a35-58a5-88ba-8600003616ae,23449088-626d-572a-aaec-b46679b10c5e,125.0,1.3628,1.3636,1.338,1.3413,12.8422,13.1577,13.3436,13.5496,4.1644,4.1597,4.1766,4.128
379a9b91-aca0-5c1c-a392-61f97e78f0c7,5a0519df-3204-597b-83b6-71b58f58ee44,125.0,1.6407,1.6775,1.6491,1.7034,10.3726,10.6461,10.475,10.8456,3.9175,3.9433,3.9616,3.9711
3844cff0-64d6-593a-82b8-2180e2cb7106,5a0519df-3204-597b-83b6-71b58f58ee44,125.0,1.7502,1.8311,1.7929,1.8098,10.6327,11.0803,11.4364,11.2474,4.0398,4.1156,4.172,4.1948
38861007-dac1-5d87-83f6-1a516eb078bb,717a0cee-a7e5-5728-91bd-f8465d5171b8,150.0,1.8714,1.9232,2.0095,1.9529,24.9557,25.2734,25.8799,26.3514,4.1541,4.2361,4.2192,4.1972
38ab7158-752f-574f-a86c-46c1972cf030,5a0519df-3204-597b-83b6-71b58f58ee44,125.0,1.7138,1.6768,1.7428,1.7731,12.3058,11.7831,11.9057,11.5825,4.1019,4.1097,4.1201,4.217
38c005fd-a894-5319-8d7e-74be61922cd8,813ea162-f43e-5732-84bd-7833109d1bd9,125.0,1.3749,1.3339,1.3762,1.3873,5.4448,5.7461,5.9542,5.7997,4.3456,4.3267,4.2963,4.4484
38db4991-76fb-55a4-9a4d-656c30868469,717a0cee-a7e5-5728-91bd-f8465d5171b8,150.0,1.8788,2.019,2.1009,2.0994,23.2992,27.827,29.8361,32.6325,3.974,4.0156,3.9553,4.001
39c263dd-dda2-5a4e-bc40-d96e2f7e5c91,48058215-2e3b-5a0a-a2f3-ccb2d6eab20b,105.0,0.968,0.935,0.9819,0.997,3.21,3.4546,3.1627,3.2893,4.1794,4.1995,4.2414,4.1921
39cbaa3f-91b1-530e-9ef3-d055440866d4,49d5c88e-7552-581b-a788-01aaf49e96e1,105.0,1.0726,1.0637,1.0914,1.113,5.8192,5.8261,5.9019,5.6356,4.0912,4.0969,4.1,4.1189
39f816b5-fea0-5e99-b66f-9ca2fb01a450,813ea162-f43e-5732-84bd-7833109d1bd9,125.0,1.5498,1.5794,1.5945,1.5608,9.0284,9.3943,9.3235,9.4423,4.6091,4.6053,4.6545,4.6093
3a270bd9-48f5-5040-82a0-8c33c504f78a,516e9d9c-c7f8-5492-a3a5-086d4e0ac1b2,105.0,1.0831,1.1167,1.0952,1.1193,5.2258,5.356,5.338,5.6596,4.0794,4.0664,4.1296,4.1164
3a35abef-2a37-5dc5-b688-ec403a723eb7,1e70ad4e-7009-5647-8c36-f7324942df0d,150.0,2.1768,2.2566,2.3145,2.4237,18.292,19.0179,18.9379,20.1454,4.1832,4.2363,4.2131,4.2052
3a6420e4-0178-5a48-accc-35e8cc265f9a,0285eccd-4d40-5cb5-9c3b-849392540576,150.0,2.2929,2.3743,2.4278,2.4389,27.1829,26.5504,27.4368,27.4056,4.0694,4.1472,4.1239,4.0798
3aa77628-af43-51b5-9f62-974b4d91fff7,0285eccd-4d40-5cb5-9c3b-849392540576,150.0,2.2384,2.277,2.4495,2.3949,28.7252,29.7605,29.5294,30.3454,4.2631,4.2928,4.3306,4.3807
3b15b478-5d75-5f06-8c52-9385a6f15ea0,516e9d9c-c7f8-5492-a3a5-086d4e0ac1b2,105.0,1.2153,1.2157,1.2283,1.2461,6.0987,6.0669,5.8776,6.0992,4.2405,4.19,4.1889,4.2348
3b1a270d-8f99-539d-a6f4-81950a0b0856,813ea162-f43e-5732-84bd-7833109d1bd9,125.0,1.4161,1.4229,1.4059,1.3989,9.3347,9.4872,9.939,9.4172,4.4914,4.4081,4.4293,4.4786
3ba4db67-1743-5be0-85eb-46733254854e,23449088-626d-572a-aaec-b46679b10c5e,125.0,1.4779,1.4218,1.4974,1.5016,12.1337,12.8592,12.7823,13.527,4.0393,4.0391,4.1006,4.1085
3bcf3602-4554-5b1a-851e-365c4492fbb2,813ea162-f43e-5732-84bd-7833109d1bd9,125.0,1.5024,1.5593,1.5565,1.6416,9.6381,9.9759,10.4271,10.6205,4.3455,4.3631,4.4106,4.3787
3c6aa474-ba7e-59a5-905a-bea96cfb5928,23449088-626d-572a-aaec-b46679b10c5e,125.0,1.2994,1.3323,1.3358,1.3617,26.5583,26.2932,26.1026,26.1526,4.3012,4.2439,4.2978,4.2681
3c6dbe86-376d-5a4d-a095-99c2edf8838a,2a9ae530-09e4-5fac-a52b-34c8ea9e69ef,85.0,0.5787,0.5883,0.6189,0.5926,1.4864,1.5369,1.6117,1.5898,3.9571,3.955,3.938,3.9226
3ca52b91-9b91-5311-8c0b-7deaad46b142,b3a54ec0-8e8b-5419-818e-5ade81afde6a,105.0,1.0753,1.1021,1.0585,1.0846,4.4101,4.1813,4.0691,4.0607,4.2462,4.2681,4.2532,4.2594
3d1a5b49-b273-531e-90fa-3c0a3332fc9c,2a9ae530-09e4-5fac-a52b-34c8ea9e69ef,85.0,0.6172,0.6161,0.6016,0.6496,2.0379,1.8738,1.9784,2.0299,4.1081,4.1123,4.1771,4.1093
3ddc47ca-a2a6-5f95-a4a1-68bba8bd78c7,5a0519df-3204-597b-83b6-71b58f58ee44,125.0,1.7143,1.7042,1.7431,1.7057,11.0815,11.4751,11.2497,11.5164,3.8849,3.9181,3.9748,3.9435
3e42df87-0392-5d16-a414-b246fe240868,23449088-626d-572a-aaec-b46679b10c5e,125.0,1.3475,1.3457,1.39,1.3488,10.3397,11.1495,10.5574,10.5646,4.2422,4.2506,4.2973,4.262
3e64eb4c-8010-5009-85aa-85c7b21f52cf,813ea162-f43e-5732-84bd-7833109d1bd9,125.0,1.4241,1.4349,1.4529,1.4982,8.0279,8.3251,8.2518,8.568,4.3123,4.3772,4.3209,4.3674
3e72b5eb-0210-51cc-9ed4-b9240f4e9a16,48058215-2e3b-5a0a-a2f3-ccb2d6eab20b,105.0,1.0704,1.0855,1.0558,1.104,4.5636,4.7409,4.2675,4.4944,4.217,4.2207,4.2205,4.1854
3e8f08d2-123c-57b0-bbcb-014f5d92b689,48058215-2e3b-5a0a-a2f3-ccb2d6eab20b,105.0,1.0801,1.054,1.045,1.0685,3.5836,3.5163,3.6813,3.4952,4.0977,4.1726,4.1104,4.1313
3e9346db-7c6f-55d1-8997-16658c8c7860,717a0cee-a7e5-5728-91bd-f8465d5171b8,150.0,1.7664,1.7465,1.8424,1.881,22.0346,23.7209,24.203,25.8415,4.0701,4.1138,4.1411,4.128
3ec485bc-c220-5c44-ac34-44a5fe6fb026,48058215-2e3b-5a0a-a2f3-ccb2d6eab20b,105.0,1.0612,1.0406,1.0775,1.0548,5.2365,5.4638,5.3366,5.4486,4.3406,4.4432,4.4156,4.372
3f14439f-a691-5ffe-b80b-bbcd48708ccf,5a0519df-3204-597b-83b6-71b58f58ee44,125.0,1.5717,1.5641,1.585,1.6617,8.2119,8.2822,8.5072,8.1989,4.0772,4.0508,4.0613,4.0433
3f87d224-b573-5c89-9d7b-b6c6e72a1cd1,b3a54ec0-8e8b-5419-818e-5ade81afde6a,105.0,1.1345,1.0688,1.1294,1.1272,3.8093,3.5873,3.6178,3.7537,4.3143,4.2661,4.3148,4.308
3f8b4d9a-36df-5a89-8290-959c6b9b8a0d,48058215-2e3b-5a0a-a2f3-ccb2d6eab20b,105.0,1.1659,1.1511,1.1952,1.1466,3.9074,4.407,4.2223,4.0084,4.1795,4.1793,4.2383,4.2505
3fb8a345-f421-50df-a8dd-bf13d6e02683,86b177a8-6e78-52cf-b511-e7788094e506,150.0,2.2397,2.2928,2.4091,2.3716,28.3902,28.8187,29.2631,30.3572,3.995,4.0557,4.0926,4.0582
3fe78c45-3939-5f26-b0f5-0290597bf7a4,2a9ae530-09e4-5fac-a52b-34c8ea9e69ef,85.0,0.636,0.641,0.6049,6.2333,1.8225,1.92,1.7995,62.6623,3.9944,4.007,4.004,4.0087
408b874e-6015-52dd-b7fa-06b245a7a771,5a0519df-3204-597b-83b6-71b58f58ee44,125.0,1.6953,1.7366,1.8064,1.7693,10.2671,9.8015,10.2043,10.5845,4.0156,4.0664,4.093,4.0477
40b92e01-62e6-58ff-ab6e-c1917cfd39da,813ea162-f43e-5732-84bd-7833109d1bd9,125.0,1.3858,1.4192,1.4313,1.4382,6.7207,7.0531,7.0755,7.2686,4.2759,4.3136,4.3044,4.2832
40cbf91b-481f-5291-b733-41c2c31c3b77,86b177a8-6e78-52cf-b511-e7788094e506,150.0,2.0926,2.1504,2.3195,2.7027,25.1505,26.1057,32.2229,46.5412,3.7984,3.8755,3.8875,3.8958
41046d99-0eab-5c6e-b042-d3a13bcfaacb,86b177a8-6e78-52cf-b511-e7788094e506,150.0,2.1657,2.1978,2.2279,2.3401,27.8807,33.0523,36.141,38.2068,3.9839,4.0223,3.9894,4.033
41117e69-0411-5325-96cb-658d2ba73fbe,49d5c88e-7552-581b-a788-01aaf49e96e1,105.0,0.9431,0.9578,0.9528,0.9575,5.4953,5.3669,5.3226,5.1937,4.3163,4.3277,4.3445,4.3271
41128cbc-53d4-5b07-b18d-c09557e91207,516e9d9c-c7f8-5492-a3a5-086d4e0ac1b2,105.0,1.1123,1.0907,1.1463,1.1463,5.4203,5.2477,5.4747,5.4369,4.3854,4.4016,4.378,4.3886
412884a2-90fb-5fbd-87ef-f91a1c848d94,b3a54ec0-8e8b-5419-818e-5ade81afde6a,105.0,1.1714,1.1806,1.2077,1.2363,4.4444,4.7684,4.5502,4.5937,4.2377,4.2455,4.2084,4.2926
41601e5e-e874-5501-bed6-c7e4765b337f,717a0cee-a7e5-5728-91bd-f8465d5171b8,150.0,1.757,1.8493,1.9229,1.9506,20.7396,21.6705,22.715,23.5089,4.0633,4.0652,4.1709,4.154
4192aae1-dfa4-5884-86aa-ae0a678c9971,0285eccd-4d40-5cb5-9c3b-849392540576,150.0,2.2879,2.2465,2.394,2.3685,41.0911,39.9937,43.3164,42.2742,4.0801,4.0301,4.0504,4.0654
419f0eda-2196-5f65-ba25-da16bb434b53,5a0519df-3204-597b-83b6-71b58f58ee44,125.0,1.5168,1.6099,1.6566,1.67,9.8391,9.8863,10.0285,10.151,4.0345,4.0561,4.0883,4.0936
41b26835-ec3b-513e-8112-a494fe69258d,49d5c88e-7552-581b-a788-01aaf49e96e1,105.0,0.9181,0.9359,0.9501,0.9296,4.8654,5.123,5.1836,5.1398,4.1201,4.141,4.1998,4.1574
41c5e481-cc08-571f-8c75-fc8fb8b96123,717a0cee-a7e5-5728-91bd-f8465d5171b8,150.0,1.7311,1.828,1.8457,1.9216,20.8509,21.3576,21.5576,22.3298,4.0717,4.0662,4.1498,4.1754
42199731-6cc4-5c8c-82f7-5dabc912afbd,48058215-2e3b-5a0a-a2f3-ccb2d6eab20b,105.0,1.1643,1.1482,1.1705,1.1312,4.655,4.6168,4.7865,4.7131,4.4146,4.4855,4.4157,4.427
42719ba1-b55c-5a0b-bbfc-6c5625a887ea,86b177a8-6e78-52cf-b511-e7788094e506,150.0,2.2419,2.3063,2.3615,2.567,34.6217,35.2157,34.7295,37.1495,4.0372,3.9948,4.0393,4.0399
43090e09-56d1-5253-85c4-fce02ae92b80,86b177a8-6e78-52cf-b511-e7788094e506,150.0,2.0883,2.1458,2.0186,2.0936,25.4955,26.0926,26.083,27.7186,4.1113,4.0842,4.1668,4.108
43592cdd-ce7b-50e7-ae8f-f8cda014a730,86b177a8-6e78-52cf-b511-e7788094e506,150.0,2.0742,2.1734,2.2258,2.3161,21.9968,23.5377,23.8546,24.4635,4.1768,4.2237,4.2072,4.2539
439fa09d-9a3d-59e9-9153-df4346a734cf,813ea162-f43e-5732-84bd-7833109d1bd9,125.0,1.4562,1.4634,1.5031,1.5342,8.7608,8.8355,8.8046,8.8078,4.6934,4.6562,4.627,4.6367
443ee636-782d-5b03-8f12-8ecddc789b3b,516e9d9c-c7f8-5492-a3a5-086d4e0ac1b2,105.0,1.0628,1.0767,1.0882,1.0615,4.8091,4.8462,4.4897,4.968,4.4268,4.428,4.434,4.4702
446d770f-5c21-56c4-b36c-95be3f7acdd0,b3a54ec0-8e8b-5419-818e-5ade81afde6a,105.0,1.1245,1.159,1.1122,1.1445,4.414,4.6462,4.49,4.5069,4.1502,4.1702,4.1877,4.1809
44843601-372a-524b-ba13-d2ef5ad07e7a,0285eccd-4d40-5cb5-9c3b-849392540576,150.0,1.9268,2.0555,2.0426,2.1801,27.9688,27.9207,28.5086,29.7765,4.1096,4.1051,4.1486,4.1679
4499e719-b8a9-5f11-98d0-78143dde3ee9,0285eccd-4d40-5cb5-9c3b-849392540576,150.0,2.2464,2.3575,2.4993,2.4825,35.8613,37.2905,36.8556,37.6553,4.0814,4.1391,4.0892,4.16
44cdf304-6b6d-5fd9-800e-e7e8c4f03554,b3a54ec0-8e8b-5419-818e-5ade81afde6a,105.0,1.0918,1.1758,1.1321,1.1414,4.0674,4.0866,3.9759,4.1624,4.1603,4.1349,4.1457,4.2063
44f0692f-dbe4-5d3f-bde5-56f78130ed79,23449088-626d-572a-aaec-b46679b10c5e,125.0,1.4746,1.4852,1.4531,1.4744,11.7061,11.5455,12.1442,11.8045,4.1531,4.1084,4.1997,4.1484
4515f306-cb6d-5be4-9626-5be016954349,23449088-626d-572a-aaec-b46679b10c5e,125.0,1.3866,1.4278,1.6977,2.0965,12.5938,14.2169,21.4515,35.7375,4.2024,4.2086,4.2364,4.3106
452b745b-39b9-5314-a61b-aea0e0fed02f,49d5c88e-7552-581b-a788-01aaf49e96e1,105.0,1.0237,1.0347,1.0182,1.0196,5.9397,5.7909,6.0334,6.1077,3.9872,3.9911,4.0186,4.0193
45742c91-483a-56c9-9ddb-4e6a34adfed6,1e70ad4e-7009-5647-8c36-f7324942df0d,150.0,2.3893,2.442,2.5275,2.623,17.9091,18.722,18.7967,19.8379,4.1254,4.1396,4.2362,4.2256
45b8599a-f721-55ab-ac68-5c82fe4f90e1,516e9d9c-c7f8-5492-a3a5-086d4e0ac1b2,105.0,1.1117,1.1329,1.1281,1.1467,5.3522,5.3249,5.1098,5.5511,4.3516,4.3098,4.3289,4.2762
46556f2b-aa5b-545f-b56d-ef6ad58fba8e,86b177a8-6e78-52cf-b511-e7788094e506,150.0,2.119,2.184,2.2925,2.3646,22.6274,24.2443,24.3099,24.9576,4.26,4.2784,4.3108,4.2396
46a1af21-8596-5611-a226-44cbfe8f69c9,717a0cee-a7e5-5728-91bd-f8465d5171b8,150.0,1.915,1.8902,1.942,1.9673,25.1646,25.1374,25.6819,26.2858,4.1448,4.1799,4.1589,4.1879
46acbb0d-e00c-5198-ae0b-7d3a0c371977,0285eccd-4d40-5cb5-9c3b-849392540576,150.0,2.2626,2.3352,2.4448,2.4593,37.7073,39.376,41.6405,39.9419,4.1172,4.1551,4.1567,4.1759
46d812ca-dd0a-54ea-8147-7f2fd679c77f,1e70ad4e-7009-5647-8c36-f7324942df0d,150.0,2.4332,2.5723,2.6567,2.6457,19.6592,19.3766,19.7258,20.7467,4.3072,4.3482,4.3108,4.3807
46e587e9-43d3-5324-97ff-9f1851909aed,717a0cee-a7e5-5728-91bd-f8465d5171b8,150.0,1.7541,1.8186,1.9237,1.8828,23.5657,23.3107,24.2012,25.1658,4.2415,4.2465,4.3134,4.2415
4754285e-49f5-5b7d-88ce-c4daa769a115,23449088-626d-572a-aaec-b46679b10c5e,125.0,1.3423,1.3203,1.44,1.4012,11.8098,11.8403,12.5459,12.9209,4.2924,4.3395,4.3049,4.3394
475f9607-8baa-5b29-a207-1b84047b31a7,813ea162-f43e-5732-84bd-7833109d1bd9,125.0,1.3651,1.3837,1.3639,1.3815,7.4055,7.7301,8.1136,7.9595,4.4618,4.4365,4.448,4.4531
47cc0d78-c2a0-599d-a8ac-c6d17eea4728,813ea162-f43e-5732-84bd-7833109d1bd9,125.0,1.4536,1.4416,1.4334,1.4831,7.216,6.7822,7.0444,6.8967,4.6427,4.6653,4.7316,4.6969
47f7d279-25ef-5a6e-b8ca-588dce027182,0285eccd-4d40-5cb5-9c3b-849392540576,150.0,2.0041,2.0116,2.2493,2.5448,26.1843,28.6808,36.0721,42.9083,4.3742,4.3167,4.28,4.2887
47ffec3c-ab08-55ee-b975-8a61d68822cc,717a0cee-a7e5-5728-91bd-f8465d5171b8,150.0,1.6843,1.7594,1.8327,1.7981,20.4864,20.0527,21.039,21.3395,3.9271,3.9816,3.9568,3.9104
48672d6e-f2d4-5334-9943-cd2aa0d4140b,48058215-2e3b-5a0a-a2f3-ccb2d6eab20b,105.0,1.0709,1.081,1.0029,1.1023,3.4141,3.457,3.3887,3.4517,4.4484,4.3636,4.4128,4.3942
48a4a802-05e0-5da2-a8aa-3870808a0494,0285eccd-4d40-5cb5-9c3b-849392540576,150.0,2.1845,2.317,2.2818,2.3812,35.695,36.9557,37.9406,38.6983,3.9984,4.0209,4.0671,4.0924
492fbfa0-8321-5782-b762-20981eb87d44,49d5c88e-7552-581b-a788-01aaf49e96e1,105.0,0.9741,0.9913,1.0098,0.992,5.3555,5.4951,5.2348,5.2359,4.1162,4.0568,4.0981,4.1226
497e0fbc-13b9-5423-a6ab-b97f4fd43148,0285eccd-4d40-5cb5-9c3b-849392540576,150.0,2.144,2.1419,2.0994,2.2081,33.4056,33.0549,34.7686,35.0173,3.9187,4.0654,4.1085,4.1462
498a2540-c5f8-5d60-a789-0d0b2a20564f,23449088-626d-572a-aaec-b46679b10c5e,125.0,1.3011,1.2627,1.2352,1.2864,13.5663,13.645,12.9976,13.4105,4.0136,4.0843,4.0275,4.0497
4a3dabdb-1c7e-5dbc-8cab-8c91b1b50719,2a9ae530-09e4-5fac-a52b-34c8ea9e69ef,85.0,0.6371,0.6157,0.6365,0.6321,2.1514,2.0554,2.1779,2.1889,4.2508,4.2563,4.2309,4.1951
4a4c523d-3d6d-52fc-95b9-ee9fdef9727e,2a9ae530-09e4-5fac-a52b-34c8ea9e69ef,85.0,0.5829,0.6055,0.5972,0.5878,1.4554,1.6334,1.4228,1.5513,4.1279,4.1234,4.0495,4.09
4ab8d74a-ef24-5652-b3ac-7d0ecabf8e65,1e70ad4e-7009-5647-8c36-f7324942df0d,150.0,2.1792,2.2809,2.3375,2.3614,16.0006,16.1274,16.6144,17.529,4.272,4.32,4.3945,4.3838
4b1001ab-9b3d-5104-bcfc-23d9942a2c7c,516e9d9c-c7f8-5492-a3a5-086d4e0ac1b2,105.0,1.0615,1.3965,2.5536,3.7864,5.0727,10.4038,28.05,46.2905,4.2353,4.2452,4.2989,4.2848
4b6b4539-d23f-5fa4-9258-2cfb8b00eab3,48058215-2e3b-5a0a-a2f3-ccb2d6eab20b,105.0,1.0658,1.081,1.0866,1.0737,4.1164,3.9832,4.0066,4.4853,4.1656,4.1307,4.1244,4.1166
4bca8065-57cd-52ce-85cd-5b6f7eae246f,49d5c88e-7552-581b-a788-01aaf49e96e1,105.0,1.0716,1.0347,1.0396,1.0664,6.1708,6.2809,5.6985,6.0872,4.0939,4.1255,4.1429,4.0765
4c16106e-8744-50c9-9ea1-6e07a95d93ae,2a9ae530-09e4-5fac-a52b-34c8ea9e69ef,85.0,0.6441,0.645,0.6603,0.647,1.8613,1.9634,1.716,2.0527,4.0422,4.0132,4.0385,4.0339
4c2298ca-b55f-53bf-80f1-62fc29dc97db,23449088-626d-572a-aaec-b46679b10c5e,125.0,1.4995,1.5095,1.5132,1.5594,15.6234,15.1054,15.5212,15.1603,4.1389,4.1044,4.2597,4.2261
4c246181-423d-5a76-bb44-2a716de3fea4,23449088-626d-572a-aaec-b46679b10c5e,125.0,1.3097,1.2578,1.3122,1.3278,13.3585,12.9401,12.8993,13.8059,4.1734,4.1567,4.2281,4.1883
4c5cf0fd-0fad-5efa-8a4b-dd0556fc8e9c,2a9ae530-09e4-5fac-a52b-34c8ea9e69ef,85.0,0.6486,0.6658,0.6605,0.6651,1.8411,1.8803,2.1131,1.9058,4.3096,4.3587,4.3052,4.2864
4c94aecb-fc22-53cf-8d56-f8fc4e81e8b3,5a0519df-3204-597b-83b6-71b58f58ee44,125.0,1.5782,1.5412,1.5369,1.6299,7.1739,7.6224,7.6108,7.7566,4.0746,4.0835,3.992,4.0404
4cb34493-65f2-5d7f-a4a5-aab2572e63d5,0285eccd-4d40-5cb5-9c3b-849392540576,150.0,2.267,2.3396,2.4257,2.4326,28.4677,29.1739,31.059,32.3191,4.1915,4.2425,4.2591,4.2537
4ce80a17-e0fd-5dde-b0ea-5573e12420a5,23449088-626d-572a-aaec-b46679b10c5e,125.0,1.3575,1.3779,1.4354,1.4608,11.532,11.2821,11.8313,11.9346,4.2936,4.2856,4.3607,4.3146
4d2677a8-d713-5add-a047-a52e30d410a7,5a0519df-3204-597b-83b6-71b58f58ee44,125.0,1.6027,1.6093,1.6612,1.6206,10.7379,10.6397,10.9131,10.8994,4.1218,4.1677,4.2216,4.1623
4d41d11a-a29f-5ba4-9879-6e38caf8402d,2a9ae530-09e4-5fac-a52b-34c8ea9e69ef,85.0,0.6138,0.6084,0.6269,0.6012,1.8722,2.021,1.847,2.1405,4.3512,4.4227,4.3973,4.4496
4dd01b81-ea76-54cf-8b82-bcd727952a71,717a0cee-a7e5-5728-91bd-f8465d5171b8,150.0,1.9378,1.8939,1.9975,2.0538,24.9796,25.0599,25.1793,24.5521,4.1735,4.2161,4.2377,4.2386
4e05c230-1f5b-5693-a104-32c757e11dd6,1e70ad4e-7009-5647-8c36-f7324942df0d,150.0,2.3007,2.2286,2.4337,2.331,15.112,15.4822,16.2943,16.6079,4.2061,4.1515,4.2033,4.2994
4e1549b4-f6db-5bb8-81cc-2ae8369c58ab,23449088-626d-572a-aaec-b46679b10c5e,125.0,1.3708,1.4011,1.4433,1.4375,14.64,14.1848,14.455,14.7472,4.1923,4.2268,4.2549,4.2387
4e1bd3b0-8714-5e96-b3e6-579460491b9f,516e9d9c-c7f8-5492-a3a5-086d4e0ac1b2,105.0,1.1613,1.1588,1.1563,1.1808,6.1217,5.9917,6.1269,6.4865,4.2034,4.3035,4.2498,4.2398
4e52de79-3c60-5227-a99e-fa7b039a8f4b,813ea162-f43e-5732-84bd-7833109d1bd9,125.0,1.3339,1.309,1.3294,1.3759,7.9508,7.9617,7.6584,8.0123,4.4769,4.6238,4.5998,4.5771
4e5a36b5-5703-50d6-9fad-c7168f6dba20,48058215-2e3b-5a0a-a2f3-ccb2d6eab20b,105.0,1.0509,1.0431,1.0245,1.0531,3.607,3.7193,3.7201,3.7769,4.0985,4.0632,4.0629,4.091
4e691826-8c03-5581-9389-c3cb4dccfde3,2a9ae530-09e4-5fac-a52b-34c8ea9e69ef,85.0,0.622,0.6123,0.6079,0.6215,1.7069,1.609,1.7018,1.7947,4.0748,4.105,4.0877,4.0621
4e69c6be-e240-5c97-9b97-1fe7f7e043ce,717a0cee-a7e5-5728-91bd-f8465d5171b8,150.0,1.9379,1.995,1.977,1.9867,25.8397,27.7821,28.5416,29.5822,3.9959,4.1252,4.1545,4.185
4e95ffd7-db17-594d-9dd4-a68b69619c05,49d5c88e-7552-581b-a788-01aaf49e96e1,105.0,1.0061,1.0138,1.0064,1.0201,5.6542,5.9317,6.0984,6.1487,4.0737,4.1555,4.0724,4.137
4e96a97f-19c1-531a-9262-1edaa2af56ab,86b177a8-6e78-52cf-b511-e7788094e506,150.0,1.9605,2.0601,2.2445,2.3968,23.6353,26.459,33.1729,39.4485,4.0099,4.0437,4.1036,4.172
4ebd5ba0-aef2-5f6e-988c-544fad81d59a,5a0519df-3204-597b-83b6-71b58f58ee44,125.0,1.5697,1.7078,1.8648,1.8876,9.9781,10.3038,10.4062,10.3631,4.1002,4.0461,4.1497,4.0742
4ed27eca-21a0-5ab1-817b-fb3f46f2e765,717a0cee-a7e5-5728-91bd-f8465d5171b8,150.0,1.8661,1.9915,2.1248,2.3445,23.8609,25.6395,30.1042,37.241,4.147,4.1723,4.198,4.1957
4f66f12c-d178-5c0b-ae00-d8bbffa781c7,5a0519df-3204-597b-83b6-71b58f58ee44,125.0,1.6418,1.6589,1.6452,1.7078,13.1639,12.943,13.1403,13.5649,4.0291,4.1347,4.1411,4.1304
4fb22786-b5e3-54f7-be5e-eef7c9cc992e,717a0cee-a7e5-5728-91bd-f8465d5171b8,150.0,1.8626,1.9743,2.0527,2.0616,23.9855,25.0953,25.8754,25.4351,4.2311,4.2252,4.2961,4.257
4fc3807f-0a89-5b60-8916-025167d6577c,49d5c88e-7552-581b-a788-01aaf49e96e1,105.0,0.9872,0.9961,1.0406,1.0288,6.2147,6.6111,6.0746,6.7532,4.0367,4.0109,4.0347,4.0194
50367690-2e97-5c9d-9d46-c497d3b0f098,86b177a8-6e78-52cf-b511-e7788094e506,150.0,1.9953,2.1335,2.1125,2.1254,23.1672,24.1214,24.2038,24.9486,3.9612,4.0209,3.9929,4.014
504a8f7b-34ba-5125-9953-b37664043eef,23449088-626d-572a-aaec-b46679b10c5e,125.0,1.2959,1.3617,1.3494,1.3391,10.6445,10.9656,10.6724,11.1883,4.2765,4.2518,4.2767,4.274
506ca874-0fdd-57cd-bf45-37e689c3fdef,516e9d9c-c7f8-5492-a3a5-086d4e0ac1b2,105.0,1.1441,1.1676,1.9289,3.1052,5.1695,5.4386,16.6185,36.9799,4.3344,4.3979,4.3103,4.3705
5171646a-7b48-50f0-86f2-d0d350356618,516e9d9c-c7f8-5492-a3a5-086d4e0ac1b2,105.0,1.1333,1.1628,1.8543,3.1971,5.846,5.48,17.7581,41.1231,4.4464,4.4229,4.3568,4.3999
51ac21da-99b1-578d-85c1-2621deb0bda2,1e70ad4e-7009-5647-8c36-f7324942df0d,150.0,2.269,2.3947,2.4503,2.3827,17.9084,17.6904,17.2851,17.9941,4.2128,4.2435,4.2871,4.2905
5345b2fb-e54a-5a04-a018-31bdbc09e682,5a0519df-3204-597b-83b6-71b58f58ee44,125.0,1.6148,1.5671,1.6381,1.6425,11.5625,11.6797,11.3458,11.8181,4.0243,4.0828,4.1012,4.0887
53fc892f-1285-5228-bace-83fc765b1e31,2a9ae530-09e4-5fac-a52b-34c8ea9e69ef,85.0,0.6676,0.7032,0.7226,0.6904,2.2113,1.9898,1.984,1.9621,4.0728,4.0234,4.1237,4.1306
5480ebe4-0da9-5ef6-82b8-618d23a205de,23449088-626d-572a-aaec-b46679b10c5e,125.0,1.3041,1.2957,1.5992,2.1624,13.2564,14.493,25.4333,43.334,4.1271,4.1768,4.1928,4.223
54aefa87-8aa3-55dc-9223-a8ee95240312,23449088-626d-572a-aaec-b46679b10c5e,125.0,1.4012,1.3694,1.4797,1.4298,16.134,15.7618,17.1492,16.8741,4.3904,4.3512,4.4778,4.3957
54c02ccf-22a1-5801-aa60-5e293ae58143,813ea162-f43e-5732-84bd-7833109d1bd9,125.0,1.4245,1.4716,1.6561,2.6946,9.023,8.3576,11.6276,31.8164,4.2505,4.2088,4.263,4.2656
54f3ef07-9d16-5987-a396-9d8f34c51bf6,23449088-626d-572a-aaec-b46679b10c5e,125.0,1.4084,1.4532,1.7372,2.4754,12.6584,12.67,20.4575,42.3114,4.3563,4.3045,4.3384,4.3988
55d22f52-462a-5306-a68e-bb5fa0ec7b7e,49d5c88e-7552-581b-a788-01aaf49e96e1,105.0,0.8927,0.9544,0.9577,0.9711,4.9641,4.851,5.0972,5.186,4.171,4.1741,4.165,4.1955
563c5ae2-b955-5063-a016-899de908bcb6,86b177a8-6e78-52cf-b511-e7788094e506,150.0,2.379,2.6252,2.7331,2.6856,35.6759,37.0567,40.3358,40.6868,4.2863,4.3739,4.3036,4.3397
56a1bb27-c003-52d6-9678-35ce443b8a7c,b3a54ec0-8e8b-5419-818e-5ade81afde6a,105.0,1.0715,1.0647,1.0542,1.0611,4.2507,3.9947,4.1884,4.3142,4.1539,4.2111,4.1624,4.2514
56d2d77c-b086-5a70-8395-18a1a5b63e81,813ea162-f43e-5732-84bd-7833109d1bd9,125.0,1.4082,1.5482,1.543,1.487,33.8562,33.6481,33.7887,34.47,4.3489,4.3163,4.3627,4.3412
56f6cf14-5105-5f89-92f9-183a5f109efe,813ea162-f43e-5732-84bd-7833109d1bd9,125.0,1.2885,1.3026,1.3372,1.3306,6.6424,6.5989,6.3634,6.2538,4.4604,4.4646,4.4871,4.455
57027fdf-3748-547b-be58-a5b82139db83,717a0cee-a7e5-5728-91bd-f8465d5171b8,150.0,1.7475,1.831,1.8654,1.879,24.5669,25.45,26.3816,27.9779,4.0279,4.1303,4.0893,4.1155
57b631b1-98bc-55f4-8bbe-0b012057bd92,23449088-626d-572a-aaec-b46679b10c5e,125.0,1.3384,1.354,1.3371,1.3484,13.6949,14.2311,14.8574,15.4788,4.2496,4.2087,4.2674,4.2723
5809908f-14d4-57a8-82fe-de1afe658e15,48058215-2e3b-5a0a-a2f3-ccb2d6eab20b,105.0,0.9143,0.8993,0.9579,0.9677,3.1426,3.4582,3.3979,3.2392,4.1928,4.234,4.2192,4.2861
582a37b0-40ea-5b26-9d3d-082c72b7e400,b3a54ec0-8e8b-5419-818e-5ade81afde6a,105.0,1.0618,1.071,1.0756,1.0844,4.0403,3.7328,3.9835,3.9581,4.108,4.1375,4.1343,4.1435
585f1391-0050-5519-9261-33f58a083d03,48058215-2e3b-5a0a-a2f3-ccb2d6eab20b,105.0,1.1431,1.138,1.1251,1.1118,4.2732,4.2038,4.4513,4.2382,4.5556,4.5505,4.5221,4.5399
58841855-dfc3-5bd0-bb94-0bdf36547fa9,b3a54ec0-8e8b-5419-818e-5ade81afde6a,105.0,1.0506,1.1781,2.4815,4.1589,4.3566,5.6988,23.2384,43.3484,4.0152,4.0542,4.0535,4.0232
59528164-55d5-527c-b503-f889a92f3740,49d5c88e-7552-581b-a788-01aaf49e96e1,105.0,0.9966,0.9805,1.026,0.9926,5.9149,5.831,5.978,5.786,4.0041,4.0039,4.02,4.0458
59726b14-a9dd-5197-add1-8c55c910486a,49d5c88e-7552-581b-a788-01aaf49e96e1,105.0,1.0398,1.0309,1.0689,1.0621,6.5065,6.6799,6.5444,6.8865,4.0312,4.0372,4.0266,4.0618
598f10d0-6a4a-5a9b-8fe4-26b8ba2de863,49d5c88e-7552-581b-a788-01aaf49e96e1,105.0,1.0716,1.0992,1.0813,1.0944,5.8463,6.1798,6.3266,6.3515,4.1027,4.1537,4.132,4.1302
59a8cece-4090-516f-8973-b2811b04bbe6,23449088-626d-572a-aaec-b46679b10c5e,125.0,1.3943,1.4798,1.9175,3.1654,11.8753,12.8449,26.1561,61.4614,4.2075,4.183,4.1699,4.1805
59b7b797-f847-5255-91be-a0fe041ee4ce,813ea162-f43e-5732-84bd-7833109d1bd9,125.0,1.4799,1.4277,1.4854,1.5387,9.3961,9.2522,9.8666,9.7159,4.3015,4.3484,4.3841,4.337
5a30a15c-c0b2-5b5d-8eea-198d1167f677,717a0cee-a7e5-5728-91bd-f8465d5171b8,150.0,1.8083,1.8623,1.9184,1.9499,21.3997,22.8085,24.2212,24.6971,4.2542,4.3197,4.2889,4.2949
5a4a42da-470d-51c0-974e-e839da4f49fb,2a9ae530-09e4-5fac-a52b-34c8ea9e69ef,85.0,0.6976,0.6808,0.6708,0.6811,1.9528,2.12,2.0589,2.0572,4.0395,4.0397,4.0746,3.9946
5b003965-8e38-5f41-a2b4-c7b1ff446fdb,813ea162-f43e-5732-84bd-7833109d1bd9,125.0,1.3278,1.3651,1.3342,1.3377,7.7779,8.031,8.1695,8.1275,4.4105,4.4118,4.4405,4.3762
5b121829-78ec-5daf-b232-6e5e14a38e3e,717a0cee-a7e5-5728-91bd-f8465d5171b8,150.0,1.8814,2.0302,2.1201,2.1236,21.343,21.0164,22.1273,21.7537,4.3282,4.3523,4.3879,4.386
5b6e4f47-159b-5521-b3ac-ffc68096d896,b3a54ec0-8e8b-5419-818e-5ade81afde6a,105.0,1.2226,1.1873,1.14,1.1312,4.5206,4.4948,4.3163,4.3317,4.1709,4.1555,4.2027,4.1879
5ba7f910-1c15-50ec-9b67-9084933b1bb4,516e9d9c-c7f8-5492-a3a5-086d4e0ac1b2,105.0,1.0788,1.0768,1.1058,1.1012,4.8111,4.5335,4.9985,5.1053,4.3792,4.3955,4.3943,4.3724
5c43be8e-ebe0-5813-a015-8d6a6d16d160,516e9d9c-c7f8-5492-a3a5-086d4e0ac1b2,105.0,1.094,1.145,1.1323,1.1287,5.6011,5.3907,5.3267,5.6505,4.37,4.3122,4.3116,4.3616
5c730477-6273-52a2-ae6c-eee352822320,5a0519df-3204-597b-83b6-71b58f58ee44,125.0,1.7259,1.6793,1.7085,1.7174,9.5836,10.7267,10.3025,10.2837,4.2565,4.2702,4.2887,4.2682
5d756395-d410-535d-bcaa-8d33540d0269,0285eccd-4d40-5cb5-9c3b-849392540576,150.0,2.2551,2.3625,2.36,2.3654,32.4719,32.9428,33.3886,33.1379,3.9968,4.023,4.0554,4.0357
5dc0de3b-7e86-53d5-9357-54c7aeffd199,5a0519df-3204-597b-83b6-71b58f58ee44,125.0,1.7094,1.7984,1.7193,1.768,10.2805,10.6223,10.71,10.9317,3.958,3.9952,4.0118,4.0773
5dea8fd3-f989-5d17-bfb0-ffb995a0e28b,516e9d9c-c7f8-5492-a3a5-086d4e0ac1b2,105.0,1.0478,1.0753,1.1004,1.0931,5.4506,5.6329,5.3243,5.204,4.2693,4.2618,4.3176,4.2635
5e389e5f-6b3f-5c34-8a54-4c34e4cea093,516e9d9c-c7f8-5492-a3a5-086d4e0ac1b2,105.0,1.0897,1.0608,1.0766,1.0958,6.5092,6.6618,6.7857,7.2274,4.2501,4.2791,4.2556,4.3355
5ed719e9-e9ad-5473-957f-3dc7c53d4bd0,2a9ae530-09e4-5fac-a52b-34c8ea9e69ef,85.0,0.6359,0.7862,2.0645,4.0658,1.7056,3.1467,14.2929,33.5633,4.1884,4.2019,4.1262,4.1716
5ef17fb7-083e-5ece-81b5-409ecc0fd81e,0285eccd-4d40-5cb5-9c3b-849392540576,150.0,2.1879,2.2193,2.2687,2.2968,29.2382,30.6067,32.0298,32.7808,4.0144,4.011,4.0465,4.1131
5eff212a-6289-5f05-8318-cc200977e70c,717a0cee-a7e5-5728-91bd-f8465d5171b8,150.0,1.9052,2.0028,2.12,2.2212,21.5205,22.9992,25.0569,25.3676,4.18,4.2029,4.2475,4.3062
5f15bc01-8b4a-58e6-b000-e0d156ff7740,86b177a8-6e78-52cf-b511-e7788094e506,150.0,2.2016,2.2268,2.2756,2.2647,23.4104,24.2384,24.6032,24.3306,3.9832,4.0293,4.0259,4.0489
5f196ebd-9b16-58a1-9aec-550cd4aede8c,48058215-2e3b-5a0a-a2f3-ccb2d6eab20b,105.0,1.1932,1.1636,1.1766,1.1719,3.7357,3.858,4.1008,3.9674,4.384,4.3995,4.3449,4.4034
5f1dcd9e-3d24-597a-bb1e-168af8833812,23449088-626d-572a-aaec-b46679b10c5e,125.0,1.2936,1.3239,1.3469,1.2939,12.2349,12.6919,12.4623,13.0801,4.3373,4.3851,4.3277,4.3711
5f2b25a7-0fb7-5833-a648-a56ce5d9996a,717a0cee-a7e5-5728-91bd-f8465d5171b8,150.0,1.9412,2.0115,2.1051,2.1664,27.9212,28.5876,29.3203,30.169,4.1897,4.2445,4.2711,4.2803
5f582b13-e02f-570e-8e7d-ec468e401304,0285eccd-4d40-5cb5-9c3b-849392540576,150.0,2.1818,2.2653,2.3067,2.417,27.9286,30.2376,30.9046,30.5104,4.0477,4.0681,4.0518,4.0937
60454a3b-d29c-574e-a7dc-e4d6ad877776,5a0519df-3204-597b-83b6-71b58f58ee44,125.0,1.6023,1.5654,1.6628,1.6196,9.9445,10.6852,10.2795,10.8184,4.1957,4.1639,4.1715,4.161
60b1b2ea-e616-5fd2-b408-cf37d6f3c1b1,1e70ad4e-7009-5647-8c36-f7324942df0d,150.0,2.1213,2.171,2.2861,2.4134,15.1287,15.4,16.7402,16.6898,4.1682,4.1509,4.1543,4.184
6134cbde-5f07-5ead-85cf-e2ff4462b6af,5a0519df-3204-597b-83b6-71b58f58ee44,125.0,1.5876,1.6179,1.6304,1.6912,7.9826,7.9296,8.4888,8.4826,4.0288,3.9865,4.0077,4.013
6135fa63-62c6-5a96-af26-9cc6865764c0,717a0cee-a7e5-5728-91bd-f8465d5171b8,150.0,1.6522,1.7824,1.8554,1.8525,19.7163,20.1404,21.41,21.0937,4.2132,4.2058,4.2825,4.2523
6166790c-1922-595d-829f-2b55a95bafa9,b3a54ec0-8e8b-5419-818e-5ade81afde6a,105.0,1.081,1.1363,1.1141,1.1509,4.4353,4.524,4.1863,4.2493,4.035,4.093,4.0126,4.0405
616a16bd-b8ae-569a-bd1f-42017fe38b7d,49d5c88e-7552-581b-a788-01aaf49e96e1,105.0,0.9975,1.0143,1.0167,1.0334,5.9496,6.147,6.0227,6.024,4.0846,4.026,4.1432,4.0722
61e96895-378d-5646-bed0-de9fd5bc7048,1e70ad4e-7009-5647-8c36-f7324942df0d,150.0,2.0101,2.0531,2.0672,2.1345,12.1994,12.9446,13.2488,13.6949,4.282,4.2847,4.3401,4.3428
61ee5f6f-7f44-5070-b5e7-41335d3bec4c,1e70ad4e-7009-5647-8c36-f7324942df0d,150.0,2.2501,2.3011,2.3197,2.4204,17.5237,18.5483,18.4089,18.9072,4.1878,4.1862,4.2186,4.1979
6213cea6-ccb0-5128-8ae3-048d8889e43e,717a0cee-a7e5-5728-91bd-f8465d5171b8,150.0,1.8801,1.8693,1.9898,2.0303,27.8818,27.6546,28.6204,29.7046,4.1728,4.1418,4.2029,4.198
623b0bbd-1c6c-5cb6-949e-adb4e9142ab2,0285eccd-4d40-5cb5-9c3b-849392540576,150.0,2.1243,2.2369,2.2309,2.5937,32.317,32.9159,35.184,49.5,4.0589,4.1473,4.1209,4.1053
6244ba17-172f-54a2-b78a-803e6ca24066,813ea162-f43e-5732-84bd-7833109d1bd9,125.0,1.3553,1.3328,1.4107,1.41,6.4449,6.3602,6.6061,7.1074,4.225,4.2978,4.2221,4.2439
62b1819e-44ed-5a83-aebc-c128dbd939ba,b3a54ec0-8e8b-5419-818e-5ade81afde6a,105.0,1.0946,1.1457,1.1079,1.1207,4.0609,4.0018,4.1634,4.1447,4.2063,4.1717,4.1528,4.2204
62c6b9f9-e51d-58cd-9f19-8390f9d33cca,0285eccd-4d40-5cb5-9c3b-849392540576,150.0,2.27,2.3037,2.4194,2.4662,32.0472,32.8727,32.9107,31.4442,4.1322,4.148,4.1532,4.2245
62e0e5a1-ceae-532a-85bf-d6cf744c2722,516e9d9c-c7f8-5492-a3a5-086d4e0ac1b2,105.0,1.0929,1.1035,1.0944,1.1204,5.3869,5.2474,5.6191,5.5741,4.3966,4.3559,4.3675,4.4113
6323d811-b95b-5671-bf6b-1c783bbce8a1,2a9ae530-09e4-5fac-a52b-34c8ea9e69ef,85.0,0.6874,0.7378,0.6819,0.7083,2.4033,2.1558,2.1031,2.3221,4.0548,4.0682,4.068,4.0736
6359ed0a-dfee-5224-bba9-3869df39ad33,23449088-626d-572a-aaec-b46679b10c5e,125.0,1.3293,1.3624,1.3337,1.3747,14.3752,14.7443,14.9613,15.1559,4.2616,4.2427,4.2192,4.2563
6379db9f-3493-5631-9576-f281c842b0a6,b3a54ec0-8e8b-5419-818e-5ade81afde6a,105.0,1.1089,1.1461,1.0979,1.1256,4.2977,4.0007,4.497,4.349,4.1866,4.1799,4.2709,4.2247
637ffc0e-388a-5d61-8022-dbff12c65676,516e9d9c-c7f8-5492-a3a5-086d4e0ac1b2,105.0,1.0897,1.1029,1.106,1.0863,7.1479,7.0993,7.0392,6.6261,4.1461,4.1538,4.2167,4.0977
63819742-baff-5746-821c-fec6ac476bac,1e70ad4e-7009-5647-8c36-f7324942df0d,150.0,2.0025,2.1355,2.3117,2.2854,14.7163,15.2773,16.0248,16.533,4.1784,4.1624,4.1596,4.2454
63f17d04-bf01-5c01-aa2a-ce5364f5a97c,23449088-626d-572a-aaec-b46679b10c5e,125.0,1.3703,1.4059,1.3974,1.4388,11.5053,11.9646,12.0867,12.1789,4.1726,4.211,4.1783,4.2471
642888e3-9f6c-5254-b6b3-17033905eb37,48058215-2e3b-5a0a-a2f3-ccb2d6eab20b,105.0,1.0892,1.1104,1.0937,1.0957,3.9722,3.7956,4.1064,3.9266,4.3597,4.3636,4.3742,4.4136
6445b11d-80a0-5313-9fd8-98159390255d,717a0cee-a7e5-5728-91bd-f8465d5171b8,150.0,1.8372,1.8466,1.998,1.9811,22.9551,24.2324,24.4387,24.7435,3.8344,3.8902,3.9971,4.029
64bd27f7-c7ef-55da-94cf-2ca33856de83,813ea162-f43e-5732-84bd-7833109d1bd9,125.0,1.4484,1.4693,1.4605,1.4982,7.7782,8.0052,7.9539,8.3078,4.3586,4.422,4.3602,4.4618
64dc1445-13be-5770-88da-ab42fc81999c,5a0519df-3204-597b-83b6-71b58f58ee44,125.0,1.553,1.6111,1.6258,1.6533,9.1144,8.6081,9.3858,9.2974,4.1682,4.1651,4.1716,4.215
65342dff-ce86-5b37-a68b-c564e265aad7,2a9ae530-09e4-5fac-a52b-34c8ea9e69ef,85.0,0.6465,0.6084,0.6262,0.6444,1.5949,1.6625,1.6479,1.6314,4.0101,4.0352,4.0684,3.9887
65886f2f-43b1-57ee-80db-3ef22e20d86d,86b177a8-6e78-52cf-b511-e7788094e506,150.0,2.2108,2.2408,2.345,2.4883,33.9801,33.5508,40.4502,48.7188,4.0829,4.1362,4.2111,4.167
65b69bda-df09-527f-add3-bc1d11721152,2a9ae530-09e4-5fac-a52b-34c8ea9e69ef,85.0,0.6204,0.6131,0.6397,0.622,2.0329,1.9577,1.7591,1.8136,4.068,3.9951,4.0667,4.0523
65fabd17-084b-50d6-af70-1ab329f7a81a,1e70ad4e-7009-5647-8c36-f7324942df0d,150.0,2.1609,2.179,2.3109,2.2673,16.8148,16.6693,17.6541,16.7094,4.0396,4.1481,4.1504,4.1307
662cbd1a-4c42-5431-9513-3ac4511fe83e,86b177a8-6e78-52cf-b511-e7788094e506,150.0,2.1944,2.2166,2.3164,2.3617,27.7029,29.92,30.8871,32.9272,3.9003,3.9104,4.0178,4.0129
6632cb06-d2a7-500f-96eb-e95e88d694fa,86b177a8-6e78-52cf-b511-e7788094e506,150.0,2.154,2.2348,2.3235,2.2817,22.1541,24.2194,24.6195,25.8089,3.8182,3.815,3.8219,3.8534
66960c87-f915-53fd-8264-82fcad1ecbb9,1e70ad4e-7009-5647-8c36-f7324942df0d,150.0,2.098,2.2164,2.4149,2.4054,12.9129,13.9984,15.8988,16.4084,4.211,4.2043,4.2268,4.2964
66fdddea-08d1-5e98-882c-f8f27c9915ad,48058215-2e3b-5a0a-a2f3-ccb2d6eab20b,105.0,1.0609,1.0623,1.0455,1.0008,4.9651,5.2208,4.9302,4.9922,4.521,4.4485,4.4311,4.4647
67292960-7f46-59ce-8244-105aa0dcd554,516e9d9c-c7f8-5492-a3a5-086d4e0ac1b2,105.0,1.082,1.1023,1.0596,1.1256,4.7808,4.9129,4.9049,5.3629,4.1317,4.1418,4.2046,4.1583
6771bbc1-fbee-56d4-bf1a-b0aca1da2ab3,23449088-626d-572a-aaec-b46679b10c5e,125.0,1.3999,1.4292,1.3904,1.405,13.566,14.2469,14.4436,14.404,4.1919,4.1511,4.1719,4.1492
6820a9f3-fb66-5b95-8c9c-e9fe3ef91317,48058215-2e3b-5a0a-a2f3-ccb2d6eab20b,105.0,1.1265,1.1982,1.1736,1.1705,4.7302,5.1281,5.1981,5.12,4.2896,4.2448,4.3006,4.2714
686265fe-2d4b-5043-a764-b45efcc2caac,717a0cee-a7e5-5728-91bd-f8465d5171b8,150.0,1.7631,1.8559,1.9986,2.1209,24.232,26.236,27.1341,27.0885,4.1418,4.191,4.212,4.2056
687e2c31-530d-5a31-9218-f12b22514b7e,0285eccd-4d40-5cb5-9c3b-849392540576,150.0,2.2616,2.3446,2.2579,2.3951,28.4671,31.631,32.8981,33.0658,4.0603,4.0965,4.1046,4.0926
68a4feef-23f1-5e38-af5f-b3fdef5b839e,717a0cee-a7e5-5728-91bd-f8465d5171b8,150.0,1.7759,1.8653,1.8315,1.887,21.4294,23.8925,23.0255,23.6853,4.0791,4.1037,4.0939,4.137
68cfb25e-d880-5649-9757-dec6c59e21db,0285eccd-4d40-5cb5-9c3b-849392540576,150.0,2.0107,2.0926,2.1477,2.2649,27.2102,27.5509,27.5322,26.5519,4.2158,4.2366,4.2241,4.3374
68dea287-00d1-5bb9-bd6b-4d31bd90766a,2a9ae530-09e4-5fac-a52b-34c8ea9e69ef,85.0,0.6483,0.6507,0.6454,0.6442,1.9457,1.9374,1.8057,1.8659,3.9646,3.9748,3.9832,3.9897
68ee97fc-0d33-5d1a-b627-404ecbae3cc4,5a0519df-3204-597b-83b6-71b58f58ee44,125.0,1.4891,1.4749,1.5786,1.5427,9.3638,9.0898,9.4932,9.2089,4.0872,4.1013,4.0909,4.0946
694ff2b4-3e56-576f-b97b-570f5333c531,813ea162-f43e-5732-84bd-7833109d1bd9,125.0,1.3635,1.3468,1.4045,1.4233,7.0732,7.6701,7.0319,6.8615,4.0799,4.1443,4.1906,4.1686
698a440c-7d82-54f3-9edc-97fbe24e49e9,516e9d9c-c7f8-5492-a3a5-086d4e0ac1b2,105.0,1.0719,1.1094,1.0893,1.0892,5.1896,5.3287,5.3938,5.0714,4.3248,4.2688,4.2867,4.2725
69b6e378-c672-5c58-b986-8b2b58bda4f0,516e9d9c-c7f8-5492-a3a5-086d4e0ac1b2,105.0,1.0157,1.0,1.035,0.9828,5.3658,5.0501,4.7988,5.4936,4.3106,4.4361,4.4286,4.3993
6a0d1f32-4bfb-52c1-b304-7890b89e468d,23449088-626d-572a-aaec-b46679b10c5e,125.0,1.2128,1.1798,1.2381,1.2378,11.2382,11.2015,11.2425,11.2022,4.2637,4.2725,4.2608,4.3708
6a780735-9f67-5cd4-8d60-5db6e7a90723,49d5c88e-7552-581b-a788-01aaf49e96e1,105.0,1.0599,1.0891,1.1127,1.0577,13.1861,13.4271,13.3819,13.4784,4.2619,4.226,4.2748,4.3226
6b022d58-7d24-594c-bd1b-589bb94e773f,49d5c88e-7552-581b-a788-01aaf49e96e1,105.0,0.9396,0.9056,0.934,0.9136,5.0092,4.7571,5.0644,4.9042,4.0499,4.1035,4.0532,4.1269
6b0ea085-2a5a-536c-8612-8ea73156db9e,717a0cee-a7e5-5728-91bd-f8465d5171b8,150.0,2.0269,2.0886,2.2034,2.3896,27.6104,28.7556,29.2071,28.4635,4.0688,4.0733,4.1614,4.0931
6b40e305-1d48-5f1e-b3d2-3e32f25a01dd,86b177a8-6e78-52cf-b511-e7788094e506,150.0,2.197,2.3396,2.365,2.5197,29.7155,30.6917,31.4803,32.3096,4.1413,4.1597,4.1815,4.2253
6b55c83f-ca89-52d0-a280-81eec2bb48c1,86b177a8-6e78-52cf-b511-e7788094e506,150.0,2.0315,2.0715,2.0587,2.1575,29.751,29.6844,29.2713,30.6173,4.0687,4.1891,4.1728,4.2336
6c3fac54-4e31-52dd-a13c-7f98c33f2b31,516e9d9c-c7f8-5492-a3a5-086d4e0ac1b2,105.0,1.1352,1.0721,1.1392,1.1248,6.0378,6.2204,6.2272,6.094,4.3542,4.3346,4.4111,4.4106
6ca97b6a-bcca-57df-aea2-a97185a35ad3,0285eccd-4d40-5cb5-9c3b-849392540576,150.0,2.1104,2.2052,2.2065,2.1908,32.137,34.4119,33.6349,34.6092,3.8862,3.9292,3.8956,3.9244
6cab71b1-5738-5b4d-826c-b83e5c58d115,23449088-626d-572a-aaec-b46679b10c5e,125.0,1.3959,1.3957,1.3971,1.4517,11.3519,11.961,12.1442,11.854,4.343,4.3337,4.3022,4.2683
6cd035d5-11af-5aae-b6fb-4af493c85ce8,1e70ad4e-7009-5647-8c36-f7324942df0d,150.0,2.1549,2.2737,2.291,2.3372,16.5881,17.7053,19.453,19.2295,4.44,4.3993,4.444,4.3497
6ce4f0b1-c123-54b5-a0a9-8d2e1e516506,48058215-2e3b-5a0a-a2f3-ccb2d6eab20b,105.0,1.057,1.3572,2.4883,3.7886,4.8407,9.6432,25.7485,43.5858,4.4221,4.4268,4.425,4.3887
6cf859c6-5f09-5a9e-b4e1-6879ba9dcab1,5a0519df-3204-597b-83b6-71b58f58ee44,125.0,1.7871,1.8122,2.0178,2.5927,12.1104,12.7959,19.6042,27.636,4.2441,4.2231,4.2535,4.2558
6d224287-bed2-5d3e-9ab1-854394af2898,23449088-626d-572a-aaec-b46679b10c5e,125.0,1.4211,1.488,1.4529,1.4197,14.8965,15.2238,15.2534,15.6788,4.2006,4.2585,4.1703,4.1956
6d38bb03-0e54-5118-9800-9d3e0dbe7ed4,49d5c88e-7552-581b-a788-01aaf49e96e1,105.0,1.0119,1.041,1.0437,1.0322,6.9552,7.3044,7.0446,7.3361,4.2,4.1523,4.1807,4.1825
6deb48e0-3177-574d-8711-2c45a3acc26e,5a0519df-3204-597b-83b6-71b58f58ee44,125.0,1.6225,1.6097,1.6405,1.7206,32.2242,31.0655,30.6053,31.5039,3.841,3.8863,3.8466,3.9129
6e3d1ae0-fadf-5ef0-8e54-aba9c52f7e43,49d5c88e-7552-581b-a788-01aaf49e96e1,105.0,0.961,0.9933,1.0211,1.0337,6.2719,5.9336,6.0063,6.2436,4.0019,3.9956,4.0121,4.028
6f607809-fd0a-5f26-9bc5-915bef0dbcda,48058215-2e3b-5a0a-a2f3-ccb2d6eab20b,105.0,0.9934,0.9988,1.0129,1.0248,10.8957,10.3031,10.653,10.3683,4.4322,4.384,4.4456,4.3995
6f8a2ed0-ff57-5265-a27e-0e8d137de161,b3a54ec0-8e8b-5419-818e-5ade81afde6a,105.0,1.1439,1.1057,1.1588,1.1873,4.4206,4.3158,4.2934,4.3237,4.159,4.1959,4.1597,4.1677
7083ab68-1cc0-5a85-a4cd-5f8472e3b3f5,49d5c88e-7552-581b-a788-01aaf49e96e1,105.0,1.0847,1.0727,1.0905,1.0583,6.2866,5.8916,5.9644,5.7833,3.9591,3.924,3.9198,3.8924
70a95a38-c1bb-58f0-9c86-d3131ec7c6c2,516e9d9c-c7f8-5492-a3a5-086d4e0ac1b2,105.0,0.9998,1.0241,1.0343,1.0578,5.7815,5.6801,5.6406,5.6358,4.4399,4.429,4.441,4.4387
70da76f5-0e66-579f-b7c6-1671a130bd8f,516e9d9c-c7f8-5492-a3a5-086d4e0ac1b2,105.0,1.074,1.0757,1.1455,1.0796,5.4032,5.4537,5.4745,5.2309,4.2694,4.3347,4.2485,4.2637
70f663d2-a269-5d60-b02c-e6f06977f17a,813ea162-f43e-5732-84bd-7833109d1bd9,125.0,1.3449,1.3802,1.3765,1.3717,6.3713,6.8104,6.5129,6.63,4.3699,4.4761,4.4158,4.4221
70fc65f4-5d52-54e5-a9fe-d211093b6715,86b177a8-6e78-52cf-b511-e7788094e506,150.0,1.9508,2.0271,2.0054,1.9763,21.9567,23.0361,24.1841,24.7751,4.0601,4.0286,4.0488,4.0496
71019509-e541-5980-9e38-fd9053a02682,b3a54ec0-8e8b-5419-818e-5ade81afde6a,105.0,1.1303,1.0858,1.0885,1.1181,4.5928,4.7117,4.3686,4.8713,4.1617,4.1438,4.1776,4.1324
71060c56-fada-5bd7-bb80-eb18f1e4d77b,49d5c88e-7552-581b-a788-01aaf49e96e1,105.0,0.9472,0.9853,0.9885,0.9678,5.7416,5.7285,5.8177,5.6786,4.3356,4.2587,4.3521,4.3161
7128ae52-9a37-5720-b78a-b58e6143b344,48058215-2e3b-5a0a-a2f3-ccb2d6eab20b,105.0,0.9566,0.9628,0.9661,1.0043,3.0412,3.1954,3.1449,3.2582,4.0825,4.0686,4.0948,4.0967
7231c5c3-af6e-5462-8bed-8744396fc620,516e9d9c-c7f8-5492-a3a5-086d4e0ac1b2,105.0,1.1652,1.1641,1.1288,1.1512,16.3327,16.6662,16.7309,16.3496,4.2309,4.2698,4.2883,4.23
7238e577-d413-5fbb-9ee1-26b447718619,48058215-2e3b-5a0a-a2f3-ccb2d6eab20b,105.0,1.1215,1.0902,1.1297,1.1212,4.8736,4.8582,4.9218,4.9071,4.2755,4.3196,4.2884,4.3144
7246e783-4738-51cb-ba46-221358e16fcd,813ea162-f43e-5732-84bd-7833109d1bd9,125.0,1.4342,1.4575,1.4341,1.4909,8.0486,8.4479,8.2913,7.9701,4.4694,4.4183,4.4635,4.4623
728027bb-c8da-543e-98a2-0ddb8f1d9e4c,48058215-2e3b-5a0a-a2f3-ccb2d6eab20b,105.0,1.0236,1.1212,1.0511,1.1011,5.0177,4.8477,5.0516,4.8423,4.4738,4.4622,4.4597,4.4705
728271c6-7bbe-5f14-aee4-19e62de68e24,516e9d9c-c7f8-5492-a3a5-086d4e0ac1b2,105.0,1.188,1.157,1.1368,1.1849,5.1281,4.9912,5.2136,5.2625,4.2597,4.3417,4.2974,4.3655
7313c679-0da6-5141-863b-40612296c456,813ea162-f43e-5732-84bd-7833109d1bd9,125.0,1.3433,1.3846,1.354,1.44,6.7644,6.8975,6.6047,7.331,4.3075,4.4225,4.3961,4.461
7436c8f6-cd86-53db-a5cc-adb41c50a3cf,0285eccd-4d40-5cb5-9c3b-849392540576,150.0,2.0066,2.1187,2.2172,2.2551,22.7579,24.1326,24.7584,24.5035,4.2441,4.2244,4.2485,4.2739
74b2e37a-4321-5096-9cf7-0f93792f8188,48058215-2e3b-5a0a-a2f3-ccb2d6eab20b,105.0,1.0147,1.0665,1.0821,1.0646,4.4797,4.5876,4.7233,4.8257,4.3133,4.2752,4.2328,4.2744
75baa49b-4f6b-54a6-870a-30427e8e94ef,86b177a8-6e78-52cf-b511-e7788094e506,150.0,2.0462,2.0354,2.014,2.103,24.3645,26.2163,26.4853,27.695,4.0283,4.0675,4.1565,4.1785
75c229d6-775d-5a1e-9e8d-920b9aa131c6,23449088-626d-572a-aaec-b46679b10c5e,125.0,1.3826,1.3926,1.4032,1.4591,13.0774,13.0834,13.8466,13.059,4.3018,4.2923,4.248,4.3028
76100bea-6d2c-5af6-b57e-5e784ea2070c,b3a54ec0-8e8b-5419-818e-5ade81afde6a,105.0,1.1711,1.1381,1.2196,1.1883,4.5285,4.7585,4.5695,4.4959,4.3503,4.3953,4.398,4.3845
765b53c2-6d79-5883-916f-4982d201ab4b,86b177a8-6e78-52cf-b511-e7788094e506,150.0,2.2589,2.3764,2.5654,2.6237,28.6085,29.9196,31.0863,31.6727,4.1832,4.2557,4.294,4.3219
769de8c1-a1c0-5a41-8650-ade05f62532c,5a0519df-3204-597b-83b6-71b58f58ee44,125.0,1.7121,1.6845,1.6704,1.7042,10.9314,10.5996,10.9014,11.3709,4.2248,4.1783,4.2474,4.1739
76af639d-f497-5cea-927d-5fe7479d4855,813ea162-f43e-5732-84bd-7833109d1bd9,125.0,1.4514,1.4496,1.442,1.4365,6.4227,6.7911,6.4661,6.6169,4.3371,4.3596,4.4275,4.5076
77156c87-b062-54a8-b532-454c3b922e71,516e9d9c-c7f8-5492-a3a5-086d4e0ac1b2,105.0,1.1709,1.1832,2.1615,4.1658,5.5279,5.9289,21.7275,59.0529,4.2564,4.2582,4.243,4.2413
771706cf-5961-52e4-901c-d8a659c4ddfa,23449088-626d-572a-aaec-b46679b10c5e,125.0,1.3847,1.4329,1.4115,1.5062,13.1661,12.3504,13.4794,12.8605,4.1494,4.2234,4.223,4.2342
771b1597-a8ec-5dc2-b00f-1384522b7ec1,0285eccd-4d40-5cb5-9c3b-849392540576,150.0,2.0502,2.1266,2.1832,2.2584,30.5631,32.3493,32.8418,33.5076,4.0658,4.0377,4.0465,4.0787
77573470-9c16-5a48-9bc9-054b2a7049d0,5a0519df-3204-597b-83b6-71b58f58ee44,125.0,1.4618,1.5049,1.4742,1.4619,9.1115,8.8334,9.2545,9.0371,3.9794,3.9734,3.9441,3.978
77a37033-11f4-50a3-907b-d0c7c6c74130,86b177a8-6e78-52cf-b511-e7788094e506,150.0,2.1524,2.1317,2.1829,2.2205,23.1519,23.6261,25.0386,24.194,4.1038,4.0313,4.031,4.0603
77d9a636-5342-5ae7-8b8f-4a6c8767d577,b3a54ec0-8e8b-5419-818e-5ade81afde6a,105.0,0.9898,1.0206,0.9905,1.0056,3.9287,3.9894,4.0247,3.9517,4.1892,4.3152,4.2381,4.2109
78064687-11a8-5a00-8a6e-a5a2ddb91d57,86b177a8-6e78-52cf-b511-e7788094e506,150.0,2.0049,2.1794,2.3575,2.3332,23.4475,23.809,23.0711,23.6618,3.8714,3.9568,3.9623,3.9951
7817d093-284b-5623-b840-ac98cd80b9c2,813ea162-f43e-5732-84bd-7833109d1bd9,125.0,1.3887,1.3956,1.3699,1.4128,7.3796,7.6868,7.3506,7.7028,4.3709,4.3322,4.4177,4.3551
78565992-fb13-54ce-8d05-0a55b3d1c1aa,2a9ae530-09e4-5fac-a52b-34c8ea9e69ef,85.0,0.5948,0.6168,0.5936,0.6127,2.0049,1.8682,1.7813,1.892,4.0575,4.0631,4.0514,3.989
786cf934-0aea-54fa-b729-34c24680fe30,0285eccd-4d40-5cb5-9c3b-849392540576,150.0,1.9298,2.0011,1.9633,1.9629,29.6073,28.9879,31.0459,31.5078,4.2188,4.2137,4.2594,4.2657
788478b4-1c8a-52da-931f-51cff53316a2,516e9d9c-c7f8-5492-a3a5-086d4e0ac1b2,105.0,1.1283,1.1282,1.1212,1.1274,6.023,5.8676,6.0912,5.8614,4.4082,4.3525,4.3048,4.3827
79194417-a2e0-56ad-930a-9ffeafca59d2,49d5c88e-7552-581b-a788-01aaf49e96e1,105.0,0.9743,1.0016,1.0044,0.988,6.1131,6.3879,6.3882,6.4703,4.1052,4.0761,4.1216,4.1035
7948819a-ef34-541e-9908-df87e5592d06,1e70ad4e-7009-5647-8c36-f7324942df0d,150.0,2.182,2.1659,2.3292,2.3995,12.6204,12.714,12.2433,13.1032,4.0783,4.0214,4.1209,4.1428
7949e293-a777-5899-b981-690ea38188b3,86b177a8-6e78-52cf-b511-e7788094e506,150.0,2.0316,2.1215,2.1804,2.1583,26.5281,26.0625,27.1394,27.0283,4.105,4.1337,4.1709,4.2025
79960941-e448-52aa-a493-ec961bd5c24e,49d5c88e-7552-581b-a788-01aaf49e96e1,105.0,1.0456,1.0549,1.0856,1.0924,6.4712,6.8897,6.8428,6.678,4.1464,4.1318,4.0701,4.1133
799f2424-e9dc-5a8d-a31b-6790427e5fab,516e9d9c-c7f8-5492-a3a5-086d4e0ac1b2,105.0,1.0763,1.0929,1.1091,1.0815,5.8125,5.7781,6.0806,5.3497,4.2,4.3043,4.28,4.2168
79d27a1f-930b-58a7-8c01-f25becc4d298,86b177a8-6e78-52cf-b511-e7788094e506,150.0,2.1627,2.2126,2.2652,2.3314,22.0351,23.4941,22.5818,22.742,3.9918,4.0299,4.1309,4.0941
79e6d69e-5688-5c61-91de-0a212df9f293,1e70ad4e-7009-5647-8c36-f7324942df0d,150.0,2.0923,2.126,2.2174,2.2571,12.5018,13.4959,14.3613,14.2929,4.2428,4.2585,4.3106,4.1951
7a12c49b-62bb-5b66-a0e8-5a0880753d9b,b3a54ec0-8e8b-5419-818e-5ade81afde6a,105.0,1.2166,1.2496,1.2312,1.2933,4.4062,4.524,4.7195,4.7834,4.3277,4.333,4.3734,4.2906
7a41faa0-d966-5ef7-a327-aaa99d6e7df4,2a9ae530-09e4-5fac-a52b-34c8ea9e69ef,85.0,0.6059,0.5759,0.5688,0.578,1.7113,1.7129,1.5852,1.6989,4.0558,4.0301,4.1023,4.0609
7a534eaa-d3c3-51d3-9673-f97e708c9a94,0285eccd-4d40-5cb5-9c3b-849392540576,150.0,2.2124,2.2445,2.189,2.3267,28.8804,28.0925,28.1564,27.9687,4.2518,4.2571,4.3091,4.3602
7b55d569-66cd-5a10-93dd-abdf8f5fb847,86b177a8-6e78-52cf-b511-e7788094e506,150.0,2.1136,2.2387,2.3445,2.6148,26.1164,27.0537,32.3384,40.9237,3.9473,3.9653,4.0312,4.0004
7b804ece-7e05-50f5-add3-a7065647cbb2,1e70ad4e-7009-5647-8c36-f7324942df0d,150.0,2.1798,2.2952,2.3254,2.3665,17.6073,18.1523,18.5346,18.5266,4.2024,4.3149,4.3024,4.2524
7c05cf39-aa33-5b27-98ba-1dc257d03805,516e9d9c-c7f8-5492-a3a5-086d4e0ac1b2,105.0,1.1263,1.1951,1.1809,1.2098,6.0411,6.2538,6.6666,6.5768,4.3729,4.3524,4.48,4.3819
7c94a233-3389-5baf-897e-04d4c29844c2,23449088-626d-572a-aaec-b46679b10c5e,125.0,1.3418,1.385,1.4459,1.9043,15.595,16.3304,17.231,37.6032,4.1645,4.1549,4.1094,4.1248
7cfdfa43-1a8c-5228-b9d8-cd2e2f91b5b5,717a0cee-a7e5-5728-91bd-f8465d5171b8,150.0,1.8784,2.016,1.9999,2.095,22.9724,24.7549,26.3262,25.485,4.233,4.3254,4.3652,4.3903
7d0bec10-1085-55bf-9a02-5839a10f61b4,717a0cee-a7e5-5728-91bd-f8465d5171b8,150.0,1.8351,1.9897,2.0331,2.1509,20.8669,21.2189,22.209,21.6796,4.2244,4.2299,4.254,4.2567
7d0c3eb1-730a-5d8f-b275-46142357d59f,23449088-626d-572a-aaec-b46679b10c5e,125.0,1.5222,1.5482,1.6045,1.6367,18.3708,18.5995,19.0089,19.762,4.5175,4.4498,4.4543,4.5194
7d672308-d643-5ea0-8816-d8c55e306f7e,5a0519df-3204-597b-83b6-71b58f58ee44,125.0,1.8247,1.7945,1.7347,1.817,13.1575,12.5758,12.9741,13.6374,4.3004,4.2785,4.3102,4.3078
7db335c6-b6fb-5285-8c2f-72c62bdcd103,b3a54ec0-8e8b-5419-818e-5ade81afde6a,105.0,1.0185,1.0849,1.1131,1.119,3.837,4.1053,4.1493,4.2545,4.1789,4.2059,4.1424,4.2205
7e330a31-7019-58ca-8414-85512da24742,5a0519df-3204-597b-83b6-71b58f58ee44,125.0,1.7029,1.6944,1.7154,1.6977,11.6148,12.3146,12.2785,12.9065,4.1425,4.1456,4.1779,4.1549
7ed9c56c-e6ef-55c2-b836-8ff60557cb73,b3a54ec0-8e8b-5419-818e-5ade81afde6a,105.0,1.0082,1.0714,1.0612,0.9972,4.8484,4.5362,4.7526,4.8229,4.2065,4.2053,4.2587,4.2325
8010a04b-e942-52aa-aab6-dba175631d93,49d5c88e-7552-581b-a788-01aaf49e96e1,105.0,1.0369,1.0283,1.0409,1.0598,6.5359,6.7942,6.9491,6.6907,3.9611,3.932,4.0201,3.9608
80cbc687-7654-5134-9808-a8e62f27d1ea,5a0519df-3204-597b-83b6-71b58f58ee44,125.0,1.5732,1.6296,1.7243,1.6864,10.5621,10.4538,10.787,11.2881,4.0443,4.014,4.0177,4.1037
8117168f-b6b9-55e5-b7ee-1eea955292d5,23449088-626d-572a-aaec-b46679b10c5e,125.0,1.3187,1.3215,1.315,1.357,11.2376,11.4756,11.6739,11.2322,4.3254,4.3072,4.2743,4.3256
819d5680-8511-5527-8f42-4ddaf9634d44,48058215-2e3b-5a0a-a2f3-ccb2d6eab20b,105.0,1.1167,1.085,1.123,1.1324,4.5176,4.3412,4.4312,4.3184,4.1077,4.1367,4.0793,4.1499
821bbce9-26b9-5662-a82b-e2d20dc02954,5a0519df-3204-597b-83b6-71b58f58ee44,125.0,1.6652,1.6503,1.6475,1.7024,10.093,10.615,10.3123,10.4686,4.1164,4.1442,4.1131,4.1564
823899db-e652-5d7e-9821-5baa8ddd2b2a,b3a54ec0-8e8b-5419-818e-5ade81afde6a,105.0,1.0595,1.1125,1.5358,4.3567,3.2454,3.5491,8.4338,37.6279,4.3599,4.2527,4.2773,4.349
82527a05-d346-505f-8e9e-fa7eaaa73cc9,0285eccd-4d40-5cb5-9c3b-849392540576,150.0,2.0619,2.2183,2.1509,2.1185,33.2348,34.406,34.603,35.6516,4.2549,4.3355,4.3157,4.3712
8268bd5c-425f-5ef0-8f96-0c5f02980bfd,516e9d9c-c7f8-5492-a3a5-086d4e0ac1b2,105.0,1.0307,1.0673,1.0503,1.0768,5.3651,5.1594,5.5017,5.5711,4.2328,4.1993,4.166,4.1414
82c5ddb4-fb89-5d29-b590-a83b5c892e4c,1e70ad4e-7009-5647-8c36-f7324942df0d,150.0,2.2156,2.3164,2.3667,2.4575,15.271,16.4262,16.0112,15.9427,4.2276,4.3159,4.3086,4.2887
839b75e1-7978-5d9f-8539-e3686c29849a,49d5c88e-7552-581b-a788-01aaf49e96e1,105.0,0.9835,1.0613,1.7303,2.822,4.8,6.3996,18.1275,37.8888,4.0681,4.1023,4.1127,4.0713
83aa1390-9d23-51a6-a7ff-d90fef5e3e66,0285eccd-4d40-5cb5-9c3b-849392540576,150.0,2.1281,2.1949,2.1725,2.2254,29.8355,32.2778,33.1276,33.3276,3.9559,3.919,3.994,3.9927
852954c0-368d-5c96-a599-9401ff22ee47,48058215-2e3b-5a0a-a2f3-ccb2d6eab20b,105.0,1.1553,1.1237,1.1345,1.169,5.2401,5.211,5.1119,5.2349,4.3527,4.3805,4.3591,4.405
85be6b1d-4e8c-543f-bd3d-315a4a4e383f,49d5c88e-7552-581b-a788-01aaf49e96e1,105.0,1.0157,1.0297,1.0609,1.0003,5.0327,5.1234,5.4154,4.8783,4.2313,4.2285,4.2253,4.1896
866f8bb8-7325-57d7-bb1b-45e6b07822a1,b3a54ec0-8e8b-5419-818e-5ade81afde6a,105.0,1.059,1.1098,1.1083,1.106,3.8597,3.944,4.0021,3.8297,4.0889,4.1186,4.1434,4.1534
86a137d7-4359-5995-9e0b-8e166fcd6bb6,23449088-626d-572a-aaec-b46679b10c5e,125.0,1.2769,1.2695,1.3379,1.3329,11.0158,10.8589,11.319,11.4306,4.2334,4.2625,4.2187,4.2528
871a5a6b-e39b-5807-9d0c-11683b345f91,1e70ad4e-7009-5647-8c36-f7324942df0d,150.0,2.1772,2.3151,2.3013,2.4005,20.3883,21.6677,21.7394,21.961,3.9627,3.9347,3.9984,4.0044
87309ba6-0ca3-55b7-8ae9-61ab50797884,5a0519df-3204-597b-83b6-71b58f58ee44,125.0,1.585,1.5922,1.6552,1.7094,10.2781,10.9661,11.2192,11.7783,3.9447,3.9295,3.9444,3.9748
87c68fcd-aa4e-5f52-8424-c8dcff29fbd8,2a9ae530-09e4-5fac-a52b-34c8ea9e69ef,85.0,0.7039,0.7125,0.7115,0.6832,2.1927,2.3828,2.262,2.1448,4.0452,4.0823,4.0678,4.1222
880dc203-0d59-5b37-a33a-eb7ebf21e339,5a0519df-3204-597b-83b6-71b58f58ee44,125.0,1.666,1.6688,1.6565,1.6836,11.8496,12.39,11.7402,11.9364,4.1943,4.183,4.1942,4.2228
885d7b14-bed5-5a2d-af9b-1a2186ea740c,86b177a8-6e78-52cf-b511-e7788094e506,150.0,2.2203,2.3786,2.3711,2.4232,31.6001,33.5392,33.9178,35.2098,3.9679,3.9427,3.9965,4.0523
885e334a-7440-571b-af56-95c5de60e57d,1e70ad4e-7009-5647-8c36-f7324942df0d,150.0,1.8689,1.9954,2.121,2.1388,13.6557,13.1162,13.9404,14.3659,4.225,4.2118,4.184,4.263
88622dd1-16e8-517f-8284-cb0b215cc692,86b177a8-6e78-52cf-b511-e7788094e506,150.0,2.2327,2.267,2.3154,2.3613,30.0165,31.8893,31.6869,32.5685,3.8819,3.8939,3.9087,3.9385
88b8591e-3e1f-58d9-9f0a-945ec011dd8a,b3a54ec0-8e8b-5419-818e-5ade81afde6a,105.0,1.0862,1.0985,1.066,1.0803,3.8691,3.6519,3.7257,3.9647,4.022,3.9851,4.0073,4.0627
88d19da6-1b6d-513f-996c-5ac1912df9a1,1e70ad4e-7009-5647-8c36-f7324942df0d,150.0,2.1162,2.1872,2.2187,2.1877,12.3311,14.2277,13.9196,13.9187,4.1717,4.2211,4.2184,4.33
89022a48-24c1-5f1f-a5bf-341df9087be2,1e70ad4e-7009-5647-8c36-f7324942df0d,150.0,2.0412,2.0417,2.0682,2.0832,14.0362,13.846,14.161,14.203,4.0732,4.1113,4.1039,4.0913
890f6c3e-cb6c-5338-b24c-a6aea82edec7,86b177a8-6e78-52cf-b511-e7788094e506,150.0,2.2771,2.3776,2.3454,2.4492,32.223,32.8261,33.1515,34.829,4.0102,3.9805,4.0118,4.022
89496597-34b1-5dd9-ac0a-fe412719c979,86b177a8-6e78-52cf-b511-e7788094e506,150.0,2.2327,2.3533,2.4298,2.5486,22.6891,23.1522,24.5857,25.6988,4.2075,4.166,4.1773,4.1707
897a6f50-738b-5161-88d1-0174ad696de6,516e9d9c-c7f8-5492-a3a5-086d4e0ac1b2,105.0,1.0064,0.9745,0.9783,1.0064,4.4707,4.6215,4.5365,4.8792,4.3514,4.3388,4.3702,4.3695
89aa0503-c87a-59bf-877f-818dec983261,49d5c88e-7552-581b-a788-01aaf49e96e1,105.0,0.9986,1.0034,0.9974,1.0193,5.6188,5.6135,5.8971,5.7842,3.9484,4.0493,4.0293,4.0218
8a13dbb0-8d49-5d18-9ff9-a599abba34f5,2a9ae530-09e4-5fac-a52b-34c8ea9e69ef,85.0,0.6161,0.9153,2.423,4.4597,1.8434,4.7423,20.1853,42.1677,4.1778,4.0634,4.119,4.1125
8a96356e-ff7e-5456-a7c1-8ca2004af24d,1e70ad4e-7009-5647-8c36-f7324942df0d,150.0,2.0214,2.1827,2.2288,2.3727,15.5401,15.8371,16.743,17.5631,4.2556,4.2984,4.4272,4.3858
8ad4362c-e267-5f09-ba9f-5c58a6f76c17,2a9ae530-09e4-5fac-a52b-34c8ea9e69ef,85.0,0.6677,0.6502,0.6821,0.672,1.9194,1.7968,1.8021,1.7197,4.1825,4.1259,4.0876,4.1512
8b02ed69-d54a-5843-872a-f5b73ece2c42,2a9ae530-09e4-5fac-a52b-34c8ea9e69ef,85.0,0.666,0.6432,0.6733,0.6487,2.0291,2.0663,2.079,2.1599,4.1179,4.0734,4.0941,4.1298
8b2c552c-e4a9-5e04-bc4f-729438791554,717a0cee-a7e5-5728-91bd-f8465d5171b8,150.0,1.9812,2.0309,2.2006,2.3855,26.7339,28.7896,34.5114,46.9865,4.155,4.2501,4.2774,4.4101
8bb5fd5e-66b4-551d-b22b-96d601e59850,717a0cee-a7e5-5728-91bd-f8465d5171b8,150.0,1.8925,1.9755,1.9373,2.0385,24.221,24.8617,25.248,26.5587,4.1599,4.208,4.2016,4.1716
8befadf3-fdbe-5294-815b-46968e201d90,717a0cee-a7e5-5728-91bd-f8465d5171b8,150.0,1.9716,1.9485,2.0728,2.0548,27.2144,27.5457,28.7229,28.9666,4.0553,4.0786,4.11,4.1258
8c55b830-b029-5ae8-8c59-c4f6a0156f0d,23449088-626d-572a-aaec-b46679b10c5e,125.0,1.3437,1.4571,1.805,2.2396,12.6147,16.2412,27.9185,41.1665,4.0801,4.0695,4.1535,4.0925
8caddd53-26ef-5000-853f-9c060e94d3bb,1e70ad4e-7009-5647-8c36-f7324942df0d,150.0,2.3108,2.4599,2.6109,2.6441,16.1021,17.7377,18.3364,18.6838,4.1298,4.1172,4.2148,4.1512
8cb11559-2905-5055-a488-7f730e3d83de,49d5c88e-7552-581b-a788-01aaf49e96e1,105.0,0.9794,0.9976,1.6303,2.8845,6.3181,6.655,19.672,47.4484,4.1155,4.1433,4.1043,4.0919
8cb7b74e-97d1-5905-b695-c60c66d19db2,b3a54ec0-8e8b-5419-818e-5ade81afde6a,105.0,1.1786,1.1847,1.2041,1.19,4.1622,4.2166,4.1757,4.4013,4.1163,4.123,4.15,4.1603
8cbfa3d0-8450-58db-8007-3875fc6e2e64,b3a54ec0-8e8b-5419-818e-5ade81afde6a,105.0,1.1818,1.152,1.1667,1.211,5.3368,5.3465,5.1706,5.2814,4.3349,4.3288,4.304,4.3933
8cfc4ffc-65ee-5c96-a285-3a37da59f985,2a9ae530-09e4-5fac-a52b-34c8ea9e69ef,85.0,0.6024,0.6285,0.6593,6.0107,1.5538,1.4773,1.9775,40.4592,3.8922,3.9413,3.9324,3.9392
8d05164a-b919-5b48-9c54-ff4eba7bced0,0285eccd-4d40-5cb5-9c3b-849392540576,150.0,2.2901,2.3369,2.3905,2.2491,35.6954,37.8011,37.5627,39.8232,4.1256,4.1853,4.1174,4.1605
8d80f071-6b77-5123-ad46-9c25ca22df82,b3a54ec0-8e8b-5419-818e-5ade81afde6a,105.0,1.062,1.0634,1.0345,1.1013,4.7989,5.0094,5.0936,5.0105,4.2032,4.1737,4.1386,4.2042
8dd803e7-4368-5d10-b0bc-42f1a1365192,813ea162-f43e-5732-84bd-7833109d1bd9,125.0,1.3814,1.4467,1.4097,1.4291,7.233,7.0962,7.3689,7.5077,4.5776,4.5347,4.5322,4.5441
8ddac3ca-44dd-5f0f-bc87-335501c7041b,717a0cee-a7e5-5728-91bd-f8465d5171b8,150.0,1.9389,1.9934,1.9694,2.082,23.1921,23.1753,23.2591,24.4268,4.1652,4.2529,4.2752,4.2205
8dfb8d92-ae09-5efc-a4fb-89c9a2876ad1,813ea162-f43e-5732-84bd-7833109d1bd9,125.0,1.3124,1.3623,1.4194,1.3877,7.0503,7.1242,7.2967,7.0595,4.4212,4.4149,4.4857,4.4458
8e06832e-62b1-5b9c-9729-b45fb761e04a,23449088-626d-572a-aaec-b46679b10c5e,125.0,1.3101,1.252,1.315,1.3658,11.2286,11.71,11.7752,11.8397,4.1494,4.1849,4.2185,4.1683
8e3f2349-a2d7-5adf-b1d9-e3c38edb0f69,2a9ae530-09e4-5fac-a52b-34c8ea9e69ef,85.0,0.6136,0.6062,0.6063,0.6068,1.6992,1.5077,1.5586,1.7417,4.1626,4.1774,4.1244,4.133
8e724ade-f2e3-595c-9f47-5cf3c53d77d1,b3a54ec0-8e8b-5419-818e-5ade81afde6a,105.0,1.0627,1.0857,1.0872,1.0649,4.3444,4.3898,4.4732,4.5244,4.1896,4.1628,4.1441,4.1602
8ef2f8f7-ca8c-5ee5-99cd-c2b6644f047f,0285eccd-4d40-5cb5-9c3b-849392540576,150.0,2.1172,2.2332,2.1705,2.2173,30.3135,33.18,33.083,34.451,4.2162,4.2125,4.3146,4.3065
8f07075d-33af-5d9e-8cfa-76c9f93c6fc3,5a0519df-3204-597b-83b6-71b58f58ee44,125.0,1.6612,1.6407,1.6934,1.6571,10.1651,10.3093,9.8884,10.5926,4.0899,4.0759,4.0637,4.0624
8f5e9942-7b1b-5bda-bf3d-638aee947008,813ea162-f43e-5732-84bd-7833109d1bd9,125.0,1.3971,1.513,1.5552,1.5911,7.3731,7.7636,7.71,7.8191,4.4067,4.3895,4.4356,4.3506
8f7f8eae-befb-5617-bf61-6e0556dacd4d,813ea162-f43e-5732-84bd-7833109d1bd9,125.0,1.4402,1.4246,1.4099,1.4813,8.0253,7.7529,8.2906,8.2133,4.3581,4.4723,4.4017,4.4076
8f83c8e2-0068-5b2b-bc6b-d8ad5b4c0ac2,86b177a8-6e78-52cf-b511-e7788094e506,150.0,2.1772,2.1781,2.1998,2.2389,26.4953,26.7737,28.8097,31.7767,3.8008,3.7922,3.8381,3.7189
902f7008-7747-532b-8f44-56ed57bd111d,5a0519df-3204-597b-83b6-71b58f58ee44,125.0,1.5184,1.519,1.5363,1.5575,7.6719,7.557,7.9745,8.3354,4.0322,4.0864,4.0923,4.1212
904eab72-1573-5acb-83a6-54366256d415,516e9d9c-c7f8-5492-a3a5-086d4e0ac1b2,105.0,1.111,1.1337,1.1049,1.1125,6.1415,6.0319,6.2409,6.1878,4.5274,4.4515,4.4643,4.5426
905e9c8c-cd05-52cc-b68c-c5c9a96ef1ba,86b177a8-6e78-52cf-b511-e7788094e506,150.0,1.9039,2.0467,2.1878,2.212,20.0274,20.6971,21.6153,21.2823,4.1216,4.1622,4.1544,4.1594
90b33f11-cfb4-52a0-88d1-aa6d79eafe5f,516e9d9c-c7f8-5492-a3a5-086d4e0ac1b2,105.0,1.0909,1.0975,1.0618,1.0815,5.8052,5.5433,5.7555,5.8535,4.1651,4.1211,4.1482,4.1863
90b67f98-5e74-5168-a50d-79cb0f13169b,49d5c88e-7552-581b-a788-01aaf49e96e1,105.0,0.9861,1.0288,1.0135,1.0193,5.392,5.3408,5.1086,5.7396,4.2066,4.295,4.2382,4.2591
90c4a0b7-99b8-57aa-a855-dc7b94471317,1e70ad4e-7009-5647-8c36-f7324942df0d,150.0,2.258,2.3718,2.5253,2.7456,19.8982,20.1689,24.0577,29.1354,4.0132,4.0553,4.0887,4.0656
90d17a3c-ca21-537d-8570-83b237ff4bc4,813ea162-f43e-5732-84bd-7833109d1bd9,125.0,1.3866,1.367,1.3823,1.4014,8.0883,7.8984,8.0653,8.0595,4.3809,4.488,4.3867,4.3967
914c90a1-a7dc-5703-b854-1a6b3c3ec973,48058215-2e3b-5a0a-a2f3-ccb2d6eab20b,105.0,1.0143,1.0281,1.0279,1.0213,3.8603,3.4577,3.6306,3.6134,4.4062,4.4417,4.3858,4.4244
918cfb7f-95a0-5f22-911b-a688c3f6d70a,717a0cee-a7e5-5728-91bd-f8465d5171b8,150.0,2.0947,2.1576,2.1345,2.2048,28.053,27.624,28.871,29.701,4.2203,4.1565,4.1824,4.2844
919edf0d-692f-5494-96b3-bb88bcb2bc52,0285eccd-4d40-5cb5-9c3b-849392540576,150.0,2.1889,2.2077,2.2626,2.2237,31.2911,31.4934,34.7292,33.6476,4.1137,4.1498,4.2157,4.2425
91f3df78-3425-58d6-b06e-6ad6eeec8d69,86b177a8-6e78-52cf-b511-e7788094e506,150.0,2.1497,2.1624,2.2508,2.5761,26.5409,26.3825,28.0681,39.66,4.1356,4.1291,4.1582,4.205
92479b25-7c6c-5a04-94a2-341a8c64cdb4,0285eccd-4d40-5cb5-9c3b-849392540576,150.0,2.1843,2.1951,2.2069,2.2193,30.265,34.8362,35.8484,35.9378,4.1857,4.1516,4.2097,4.2889
92872eb7-1bd5-552b-9637-56f500eb2c14,0285eccd-4d40-5cb5-9c3b-849392540576,150.0,2.1551,2.2296,2.3367,2.3682,31.6385,34.6257,36.8849,37.2166,4.2733,4.3301,4.3729,4.3225
92e2250d-554b-5700-9398-928ecff31032,717a0cee-a7e5-5728-91bd-f8465d5171b8,150.0,1.7028,1.7801,1.7532,1.7933,22.3085,23.4676,24.2769,25.7817,4.0288,4.0887,4.1392,4.0911
92e8ef53-f6ca-5604-8204-7607509a39aa,516e9d9c-c7f8-5492-a3a5-086d4e0ac1b2,105.0,1.0494,1.0785,1.0965,1.1176,5.5971,5.6424,5.7771,5.7583,4.4311,4.4673,4.5006,4.4222
9333964e-9371-5681-abc0-a5e3c05f8fb9,0285eccd-4d40-5cb5-9c3b-849392540576,150.0,2.0643,2.0993,2.1397,2.1222,24.382,25.6844,25.8797,26.562,4.0332,4.1468,4.1152,4.1644
9350f36d-b3cc-57e6-a276-15dc193711f5,5a0519df-3204-597b-83b6-71b58f58ee44,125.0,1.5455,1.588,1.6239,1.569,10.707,11.2051,10.9867,11.5151,4.1749,4.2222,4.2551,4.2919
93e30825-3a87-587e-8c12-8074203abcf3,5a0519df-3204-597b-83b6-71b58f58ee44,125.0,1.7335,1.7438,1.7244,1.8186,10.7125,10.2631,11.1678,11.019,4.0306,3.9884,3.964,3.9349
9400f6d6-2773-5606-94ae-c78e03d4bd4b,48058215-2e3b-5a0a-a2f3-ccb2d6eab20b,105.0,0.9888,0.9849,0.9889,1.0146,3.7618,3.8086,3.9086,3.9216,4.258,4.3299,4.3089,4.3097
94d30d62-80ad-517f-8df5-a70d944b322c,49d5c88e-7552-581b-a788-01aaf49e96e1,105.0,0.9986,0.9829,1.0167,1.0078,17.4129,18.2449,18.1166,18.1399,4.171,4.1674,4.1234,4.1163
94ea7309-8080-5f5f-afd4-480be1053d9e,2a9ae530-09e4-5fac-a52b-34c8ea9e69ef,85.0,0.6516,0.6372,0.6406,0.6657,1.6268,1.7789,1.9464,1.9305,3.9966,3.9339,4.0206,4.0113
951a8b34-0707-506f-8d3b-b4d23291eedd,1e70ad4e-7009-5647-8c36-f7324942df0d,150.0,2.0651,2.1284,2.1026,2.1799,18.7999,18.2508,20.0972,18.837,4.2626,4.3536,4.4248,4.4384
95a3b650-24f2-5d72-9e13-a03d12006fae,2a9ae530-09e4-5fac-a52b-34c8ea9e69ef,85.0,0.6122,0.623,0.6754,0.6643,2.2268,2.0308,2.1725,2.1659,3.9434,4.0246,4.0392,3.9895
95ecab91-c6d4-5c07-b33b-0b71030b0769,86b177a8-6e78-52cf-b511-e7788094e506,150.0,2.1118,2.1516,2.1281,2.2709,28.0399,29.0954,28.5156,29.6163,4.0799,4.199,4.2371,4.3187
95fd1a22-8ee7-5149-9161-7eae193fcb1d,86b177a8-6e78-52cf-b511-e7788094e506,150.0,2.1476,2.2544,2.2653,2.3424,26.0576,29.9403,32.0058,34.1679,4.0062,4.0393,4.0581,4.0741
96149ae1-248a-53a2-8ee4-57c3bc41bdeb,813ea162-f43e-5732-84bd-7833109d1bd9,125.0,1.5311,1.4886,1.5112,1.4937,7.817,8.1786,8.2329,8.1102,4.5948,4.5882,4.6,4.6497
964c621f-f5d8-582b-9c40-bf854a92983c,516e9d9c-c7f8-5492-a3a5-086d4e0ac1b2,105.0,1.0724,1.0784,1.1044,1.0616,4.9228,4.9428,4.959,4.6742,4.3288,4.333,4.3938,4.3965
9662ce5e-4d0a-5d58-903f-2a838be5ff75,813ea162-f43e-5732-84bd-7833109d1bd9,125.0,1.4372,1.3748,1.4129,1.466,7.5087,8.0152,8.0159,7.5707,4.2935,4.2766,4.3405,4.2345
96921a88-9b34-5ca7-9a0f-aefef5164339,49d5c88e-7552-581b-a788-01aaf49e96e1,105.0,0.9307,0.909,0.8949,0.9379,5.4778,5.6185,5.7317,5.5412,3.9736,4.0287,4.0197,3.9907
97043d66-079f-58a7-9e0d-6bd89678aef7,813ea162-f43e-5732-84bd-7833109d1bd9,125.0,1.4762,1.4522,1.4302,1.4353,7.581,7.6481,7.7706,8.1599,4.3038,4.26,4.3169,4.3418
970da7a7-96f3-59f9-a48f-b298c8936a19,2a9ae530-09e4-5fac-a52b-34c8ea9e69ef,85.0,0.6508,0.6632,0.6371,0.6718,1.9204,1.8799,1.8135,1.915,4.2505,4.2108,4.2065,4.2101
976ab97b-95ea-5dc2-9472-e57895ab0813,5a0519df-3204-597b-83b6-71b58f58ee44,125.0,1.5474,1.5254,1.5343,1.5313,7.5409,7.8662,7.9474,8.0412,4.2384,4.1942,4.2572,4.2384
976c28dd-28ac-5efe-806a-884a0d6b2eef,1e70ad4e-7009-5647-8c36-f7324942df0d,150.0,2.1261,2.0329,2.2003,2.2675,20.8547,22.5655,24.2175,25.2193,4.0939,4.0972,4.1573,4.241
97851bc8-4dc1-5722-aa86-85f624e37043,0285eccd-4d40-5cb5-9c3b-849392540576,150.0,2.0851,2.2287,2.3497,2.4035,28.1229,27.1405,28.6955,29.1425,3.9519,4.0572,4.0183,4.0536
979410df-a2e0-5452-a2a2-55385be43b51,23449088-626d-572a-aaec-b46679b10c5e,125.0,1.2618,1.2677,1.2847,1.3174,14.007,14.2355,13.6089,14.5719,4.3046,4.305,4.293,4.3362
97e2749f-180b-5c34-ae9b-40162dc2ecfa,2a9ae530-09e4-5fac-a52b-34c8ea9e69ef,85.0,0.5912,0.5827,0.6203,0.5954,1.6773,1.7294,1.5291,1.618,4.0718,4.0786,4.0748,4.0565
98a3bf67-64cb-543e-9509-2302a5090b15,2a9ae530-09e4-5fac-a52b-34c8ea9e69ef,85.0,0.6481,0.6439,0.6704,0.6805,1.6758,1.4857,1.7588,1.7057,4.2247,4.1583,4.2384,4.2468
993c1713-9c83-5139-8ff9-41f04629cc76,813ea162-f43e-5732-84bd-7833109d1bd9,125.0,1.298,1.3212,1.3862,1.3539,9.2395,10.0728,10.0264,10.0033,4.5138,4.5885,4.4921,4.5004
99531b61-aea9-5001-9618-aa08260001f7,717a0cee-a7e5-5728-91bd-f8465d5171b8,150.0,1.8354,1.8582,1.9171,1.9386,31.1838,29.8673,30.3807,31.6595,4.0929,4.1413,4.222,4.2188
99caea5b-5703-5de4-b2c8-65db383edb47,23449088-626d-572a-aaec-b46679b10c5e,125.0,1.4846,1.4619,1.4697,1.478,15.4667,15.741,15.7778,15.9634,4.2737,4.3683,4.3986,4.4026
99fbf167-24a7-5131-8204-9fc09dcf7066,b3a54ec0-8e8b-5419-818e-5ade81afde6a,105.0,1.2047,1.2241,1.2299,1.2458,16.8743,17.1056,17.4014,16.5915,4.0498,4.08,4.0696,4.0656
9a2d31c2-f789-528e-b85b-a542dff65bbb,49d5c88e-7552-581b-a788-01aaf49e96e1,105.0,0.9129,0.9468,0.9681,0.9835,5.6963,5.4765,5.5905,5.5806,4.0035,3.9956,4.0472,4.0062
9a71577a-ae47-519e-9e83-ab85eaac8136,49d5c88e-7552-581b-a788-01aaf49e96e1,105.0,0.9711,1.1218,1.6984,2.4109,6.8588,8.9874,21.2849,38.4651,4.1569,4.2445,4.3198,4.235
9a9845d9-9cb1-50ac-a728-523fc99fade3,49d5c88e-7552-581b-a788-01aaf49e96e1,105.0,1.0265,1.0009,1.0442,1.0268,6.6509,6.712,6.4527,6.7372,4.1514,4.2055,4.2346,4.1959
9b781df6-4772-59f0-aaf4-efbb7d7b1813,516e9d9c-c7f8-5492-a3a5-086d4e0ac1b2,105.0,1.125,1.156,1.1429,1.1455,5.96,6.481,6.1718,6.1205,4.4129,4.4203,4.4271,4.3992
9b9b992c-7d78-5cae-9e02-9dd92046fa27,2a9ae530-09e4-5fac-a52b-34c8ea9e69ef,85.0,0.6596,0.815,1.5192,2.631,2.1217,3.716,12.0472,23.222,4.0591,4.0942,4.0471,4.0889
9bd5b994-2ef5-5115-b284-f7de7e5b3b19,b3a54ec0-8e8b-5419-818e-5ade81afde6a,105.0,1.0779,1.1498,1.1241,1.1446,4.1656,4.3473,4.2924,4.1051,4.1428,4.1904,4.1486,4.1715
9bf30d9e-57aa-523d-92fe-1186a6d1e999,0285eccd-4d40-5cb5-9c3b-849392540576,150.0,2.1481,2.2351,2.3078,2.3322,29.6285,31.5636,31.4464,31.8711,3.987,4.0223,4.0407,4.0623
9c03dbd7-9f4f-5f8a-a133-353c08569c60,717a0cee-a7e5-5728-91bd-f8465d5171b8,150.0,1.8846,2.0038,2.0883,2.1452,21.8897,22.5116,23.1553,24.2785,4.2996,4.3109,4.3385,4.2834
9cd7fe6e-b791-5c01-be76-64e59f9b0edc,516e9d9c-c7f8-5492-a3a5-086d4e0ac1b2,105.0,1.0226,1.0774,1.0435,1.0508,4.918,5.0053,5.0728,4.9563,4.1229,4.0553,4.0503,4.0919
9d528167-d5e0-5467-8777-afd0904d102b,48058215-2e3b-5a0a-a2f3-ccb2d6eab20b,105.0,0.9641,0.9965,0.9745,0.9303,4.1763,4.1166,4.3115,4.0356,4.4414,4.4487,4.4331,4.4315
9d74354d-002e-57e7-8b0f-4642cac72ed8,0285eccd-4d40-5cb5-9c3b-849392540576,150.0,2.1225,2.0907,2.1491,2.0682,31.1184,31.5209,33.1848,33.5813,3.8943,4.0035,3.9581,3.9878
9d7fb920-ac0f-5872-a643-bef6f0d723af,0285eccd-4d40-5cb5-9c3b-849392540576,150.0,2.0212,2.2322,2.3589,2.3204,34.75,34.8361,36.6917,35.325,4.0382,4.062,4.1165,4.132
9d86ccf7-d009-527b-af28-077b3e701bb7,5a0519df-3204-597b-83b6-71b58f58ee44,125.0,1.6072,1.5784,1.6384,1.5576,10.7518,11.0495,12.0428,11.7157,4.1682,4.1586,4.2429,4.221
9e1643c1-014e-5453-a205-7bbf8f878413,86b177a8-6e78-52cf-b511-e7788094e506,150.0,2.1526,2.1289,2.1994,2.3441,27.7318,29.0216,31.2539,31.7413,4.1111,4.1601,4.2132,4.2104
9e1c7ffe-ca72-5c73-9b1f-dc5c8848ed26,b3a54ec0-8e8b-5419-818e-5ade81afde6a,105.0,1.1143,1.2844,2.7438,5.4246,4.5698,6.5158,26.3321,62.3073,4.1658,4.2858,4.3482,4.2944
9e4761e7-ff78-561e-83c4-0a012d28fb9c,717a0cee-a7e5-5728-91bd-f8465d5171b8,150.0,1.8561,1.908,1.9882,2.0188,23.6874,23.2552,23.5272,23.1285,4.2347,4.2398,4.2334,4.2833
9e5f9f33-5c69-52c8-ae59-5dcb78d437ea,5a0519df-3204-597b-83b6-71b58f58ee44,125.0,1.3973,1.4331,1.4646,1.5052,6.5913,6.6293,6.8146,6.7654,4.124,4.168,4.0853,4.1539
9e6791e2-7056-5b56-9d1b-2ea969babd06,23449088-626d-572a-aaec-b46679b10c5e,125.0,1.5337,1.5356,1.5243,1.5067,15.9021,16.1912,17.1534,17.1557,4.1371,4.071,4.1628,4.2069
9ed18be5-0b71-5768-b06e-0894c2048ca9,1e70ad4e-7009-5647-8c36-f7324942df0d,150.0,2.0982,2.1283,2.2009,2.3423,16.0134,15.7593,15.9918,15.4847,4.2537,4.2955,4.3493,4.3928
9ef803ed-a568-5d8d-8b13-6beec8ed5263,b3a54ec0-8e8b-5419-818e-5ade81afde6a,105.0,1.0831,1.1119,1.8134,2.9584,3.9759,5.3353,14.3373,30.1889,4.1739,4.1666,4.207,4.1793
9f245ee0-35f3-5647-8d40-0a6ef47a7ede,2a9ae530-09e4-5fac-a52b-34c8ea9e69ef,85.0,0.6532,0.6348,0.6871,0.6601,2.0505,2.1519,2.157,2.101,4.1575,4.2127,4.1828,4.1862
9f26060e-22e5-58ac-a08a-e181250ff0ce,717a0cee-a7e5-5728-91bd-f8465d5171b8,150.0,1.8418,1.8739,1.9639,1.8977,22.7176,23.9972,24.2899,25.2877,4.2778,4.2982,4.311,4.4151
9ffd1c64-9d95-5184-9c7c-a2a9e71936bf,2a9ae530-09e4-5fac-a52b-34c8ea9e69ef,85.0,0.6728,0.6901,0.6695,0.687,1.8078,1.8987,1.7932,1.773,3.9519,3.963,3.9085,3.9561
a02a95f5-6d12-5001-ab45-7c0f37c62b4f,0285eccd-4d40-5cb5-9c3b-849392540576,150.0,2.0144,2.0546,2.237,2.4121,29.6027,32.8773,38.4427,47.0072,3.9984,3.967,4.0927,4.0463
a08937ab-69e7-59d7-adaf-dbfed876eb79,b3a54ec0-8e8b-5419-818e-5ade81afde6a,105.0,1.2227,1.4819,2.4648,3.4148,5.2321,8.8618,21.7593,36.9364,4.1548,4.1396,4.1368,4.1451
a12b90ed-54d3-52fa-81f9-acc992c2d1e5,48058215-2e3b-5a0a-a2f3-ccb2d6eab20b,105.0,1.0098,1.0512,1.0563,1.0288,3.8515,3.9876,4.0378,3.9453,4.2257,4.2928,4.2618,4.2622
a170d181-b68f-5be2-b106-191d861b77fb,48058215-2e3b-5a0a-a2f3-ccb2d6eab20b,105.0,1.0892,1.1062,1.0492,1.0963,3.6313,3.6424,3.7656,3.6939,4.3319,4.2792,4.3159,4.2865
a1e8dc5f-e434-5def-9526-fd282432a50c,0285eccd-4d40-5cb5-9c3b-849392540576,150.0,2.1578,2.191,2.1873,2.1858,28.6535,31.6218,34.9832,35.101,3.9742,4.0113,3.9966,4.0406
a20e5906-71fe-5270-abd2-784d990ad925,b3a54ec0-8e8b-5419-818e-5ade81afde6a,105.0,1.2088,1.1967,1.2337,1.1874,4.3971,4.6655,4.7645,4.6562,4.2198,4.2291,4.1857,4.2731
a244686b-33a4-5450-9555-18e81611d33f,813ea162-f43e-5732-84bd-7833109d1bd9,125.0,1.3838,1.4038,1.406,1.4668,6.6802,7.0699,6.8453,7.4543,4.4375,4.4623,4.5181,4.5119
a26b8e29-5d63-5544-b5f5-05b671a6324b,0285eccd-4d40-5cb5-9c3b-849392540576,150.0,2.362,2.4071,2.3657,2.4635,31.1333,32.4192,33.0636,33.4466,3.9234,4.0244,4.0483,4.0852
a2b04b45-ded8-5384-b326-5698b7ccca93,49d5c88e-7552-581b-a788-01aaf49e96e1,105.0,0.974,0.9684,0.9396,1.026,4.8472,4.7072,4.8212,4.5597,4.2271,4.2391,4.2297,4.25
a2d12d15-129d-567d-afdc-5d088cd4cd45,48058215-2e3b-5a0a-a2f3-ccb2d6eab20b,105.0,1.0193,1.0132,1.0634,1.0344,3.1754,3.5215,3.5491,3.3496,4.391,4.3382,4.3067,4.3971
a35b7417-af0c-58db-afb4-a87781746efb,48058215-2e3b-5a0a-a2f3-ccb2d6eab20b,105.0,1.0679,1.103,1.0691,1.0808,3.6411,3.569,3.6173,3.7843,4.2748,4.3361,4.3369,4.322
a3678719-5963-5edd-8231-1893ac982551,0285eccd-4d40-5cb5-9c3b-849392540576,150.0,2.1732,2.2962,2.2842,2.291,31.515,33.2399,34.8693,34.5257,4.1609,4.1593,4.2466,4.2736
a378fad9-bc68-55ea-91b3-fbb85d239c7a,717a0cee-a7e5-5728-91bd-f8465d5171b8,150.0,1.8818,1.932,1.9543,1.9791,24.2243,24.8032,24.7859,25.6987,4.1197,4.1578,4.0906,4.1437
a382d311-074b-5761-8f0d-f539a2c49e61,49d5c88e-7552-581b-a788-01aaf49e96e1,105.0,1.0371,1.0385,0.9864,1.0047,5.414,5.3642,5.2814,5.3289,3.9554,3.9529,3.9691,3.9543
a3f45dc1-bb11-5894-abc1-85ba298e09f5,23449088-626d-572a-aaec-b46679b10c5e,125.0,1.3175,1.3576,1.2993,1.3637,10.2512,10.2114,9.5244,10.2919,4.3178,4.26,4.1959,4.2415
a41fe36e-e92e-52ef-9252-0967626bff5a,2a9ae530-09e4-5fac-a52b-34c8ea9e69ef,85.0,0.6072,0.5988,0.6075,0.5897,1.2871,1.4317,1.4136,1.4965,4.0601,4.0729,4.09,4.1066
a4b4f37d-0336-5f66-9131-d992f8c85ba4,2a9ae530-09e4-5fac-a52b-34c8ea9e69ef,85.0,0.635,0.6626,0.6619,0.6422,1.9065,1.891,2.1432,2.1143,3.9925,4.0576,4.0179,4.0222
a4c13a30-a131-52bf-8acd-0a048d478c1b,813ea162-f43e-5732-84bd-7833109d1bd9,125.0,1.4045,1.5239,1.474,1.4826,8.7053,9.5336,9.2438,8.7913,4.2659,4.2741,4.2757,4.2764
a528a59b-ac1e-5966-9441-139853dfd228,23449088-626d-572a-aaec-b46679b10c5e,125.0,1.3876,1.4862,1.4258,1.5453,14.1978,14.795,14.1563,14.9414,4.2717,4.2991,4.3702,4.3791
a5557916-06d3-543a-ab03-cc982400fa0e,516e9d9c-c7f8-5492-a3a5-086d4e0ac1b2,105.0,1.2716,1.2343,1.2265,1.2655,6.7108,6.857,6.6788,6.7755,4.3566,4.2961,4.3103,4.3049
a55e7e96-9b5d-58f1-97b9-fa16573d3a00,717a0cee-a7e5-5728-91bd-f8465d5171b8,150.0,1.883,1.928,1.9989,2.2448,29.0782,29.2797,33.3461,45.3443,4.0951,4.0908,4.0175,4.1487
a60ee19e-6238-51cc-9b97-191d7140e65a,717a0cee-a7e5-5728-91bd-f8465d5171b8,150.0,1.6972,1.7141,1.7728,1.7407,18.2463,19.6761,19.975,20.0701,4.1708,4.2001,4.1939,4.1166
a63c1679-cb37-5b93-90b0-606f589fc255,86b177a8-6e78-52cf-b511-e7788094e506,150.0,1.9293,2.0052,2.0877,2.1991,24.2651,25.4928,25.9041,26.7767,4.226,4.3049,4.3361,4.301
a6abd604-2f4e-59c7-a23a-772624dc48bb,b3a54ec0-8e8b-5419-818e-5ade81afde6a,105.0,1.1526,1.1499,1.1442,1.0942,4.1186,3.885,3.8996,3.8562,3.9586,3.9555,3.8858,3.9511
a6df9231-fb4f-53a5-b618-31e63aa39226,b3a54ec0-8e8b-5419-818e-5ade81afde6a,105.0,1.1611,1.1313,1.1932,1.1773,4.4214,4.5651,4.7818,4.5807,4.2774,4.2333,4.2431,4.2761
a6f89fe7-4d60-553d-9b36-c87584f913ac,1e70ad4e-7009-5647-8c36-f7324942df0d,150.0,2.1129,2.1425,2.1856,2.2515,16.7688,17.4656,17.7263,18.2246,4.2198,4.2586,4.2926,4.2984
a7042191-612e-54ed-a49a-ada504752c74,516e9d9c-c7f8-5492-a3a5-086d4e0ac1b2,105.0,1.143,1.1601,1.1869,1.1723,6.875,6.8976,6.9782,7.0398,4.2052,4.2147,4.1872,4.2164
a76e74cd-dc7f-55c2-88e1-512d53e9b3cb,23449088-626d-572a-aaec-b46679b10c5e,125.0,1.397,1.3761,1.3738,1.4124,12.3453,12.2411,11.4633,12.7154,4.2705,4.3562,4.262,4.3476
a7be2351-17aa-5235-af43-d90733bb6a1f,23449088-626d-572a-aaec-b46679b10c5e,125.0,1.5143,1.6105,1.5545,1.5514,15.9513,16.9666,16.0185,16.7366,4.3327,4.455,4.3909,4.4583
a83f9cec-3421-5010-b31e-5c3e84546ff4,b3a54ec0-8e8b-5419-818e-5ade81afde6a,105.0,1.1663,1.2027,1.1985,1.1982,14.9622,15.1454,15.1053,14.7941,4.1995,4.2319,4.2731,4.1883
a8431d27-8be0-5243-9c71-85c596211d93,86b177a8-6e78-52cf-b511-e7788094e506,150.0,2.0893,2.1343,2.2332,2.2844,24.769,25.6698,25.8748,25.8818,4.0423,4.0868,4.1062,4.1165
a8864881-2966-5a4f-a48d-f021f53cc12a,23449088-626d-572a-aaec-b46679b10c5e,125.0,1.3378,1.3565,1.2981,1.3622,11.4624,12.2175,12.3078,12.1055,4.2322,4.2258,4.232,4.2234
a8c188d1-9d10-579a-9ac3-f19fd69d947e,48058215-2e3b-5a0a-a2f3-ccb2d6eab20b,105.0,1.1603,1.1666,1.1868,1.206,4.9986,5.1739,4.9687,5.2224,4.3653,4.4263,4.3919,4.4459
a8dd4c19-60b8-57ba-bea9-de6c728d1cb5,2a9ae530-09e4-5fac-a52b-34c8ea9e69ef,85.0,0.5542,0.5649,0.5646,0.5942,1.5235,1.3702,1.477,1.4769,4.0141,3.9653,4.0242,4.039
a9188075-09a8-5b7a-add0-af2325fcc8ac,813ea162-f43e-5732-84bd-7833109d1bd9,125.0,1.4947,1.4846,1.5267,1.4981,8.0305,8.1519,8.0251,8.3595,4.2779,4.269,4.3309,4.3068
a92df12e-c7ff-5e28-afb3-67f7e34ae151,48058215-2e3b-5a0a-a2f3-ccb2d6eab20b,105.0,0.9927,1.0268,1.0496,1.0769,4.2025,4.0343,4.1722,4.0522,4.3039,4.2927,4.3458,4.3433
a9b9ab3a-422b-5633-bada-54babeac1814,48058215-2e3b-5a0a-a2f3-ccb2d6eab20b,105.0,1.0531,1.0068,1.054,1.0261,3.3082,3.2782,3.4752,3.4983,4.2294,4.2326,4.2633,4.1503
a9c706f4-5538-5fa2-a760-a254407b4ff8,5a0519df-3204-597b-83b6-71b58f58ee44,125.0,1.6062,1.6148,1.6759,1.6105,11.0007,10.817,10.9131,11.5332,4.0711,4.0057,4.0281,4.0908
a9cfd910-f658-55ea-9726-543e4be3ad1e,813ea162-f43e-5732-84bd-7833109d1bd9,125.0,1.3444,1.3287,1.3824,1.3218,7.2132,7.1539,7.1873,7.3942,4.3576,4.4013,4.3861,4.4141
aa358a38-031a-5bd4-8314-5ded6deb0f9d,49d5c88e-7552-581b-a788-01aaf49e96e1,105.0,1.0852,1.0421,1.087,1.0671,6.9123,6.4797,6.9854,6.9307,4.0125,4.0296,3.9931,3.9916
aa5f53f2-716a-5a97-8e68-1efbcd762274,23449088-626d-572a-aaec-b46679b10c5e,125.0,1.5285,1.5959,1.5482,1.5511,14.1995,14.5559,14.0825,15.0061,4.4334,4.4501,4.4417,4.4357
aa6995a0-8d11-5079-b875-0c26c91650ac,2a9ae530-09e4-5fac-a52b-34c8ea9e69ef,85.0,0.6382,0.6616,0.6671,0.6604,1.8596,1.8786,1.8035,1.8784,4.0522,4.0987,4.1612,4.1162
aa8459d1-4134-55d1-ac2d-b822dac5d9c8,86b177a8-6e78-52cf-b511-e7788094e506,150.0,1.9455,2.1148,2.2172,2.2015,26.4102,25.7143,27.7588,28.4347,4.0289,4.0194,4.0236,4.0377
aaae1a31-5665-5fa1-996a-026e7fedbe0c,23449088-626d-572a-aaec-b46679b10c5e,125.0,1.3516,1.3279,1.364,1.3336,11.8307,12.043,12.6405,12.1885,4.1867,4.1191,4.1489,4.2149
aab1d233-c0bd-5ab6-9c10-5ac1d89ff3f3,813ea162-f43e-5732-84bd-7833109d1bd9,125.0,1.4623,1.43,1.4603,1.4822,8.6814,9.1893,8.8961,9.4395,4.2869,4.2675,4.2983,4.2922
aad1cb62-a22a-5898-b403-ded8b2d4a869,5a0519df-3204-597b-83b6-71b58f58ee44,125.0,1.4475,1.5709,1.5658,1.6275,9.5945,10.2543,10.1477,10.8679,4.105,4.1394,4.082,4.0583
aafff2b0-01c7-59f3-9447-16424f5e2c37,2a9ae530-09e4-5fac-a52b-34c8ea9e69ef,85.0,0.7479,0.7458,0.7629,0.742,2.7631,2.9389,2.8557,2.8845,4.0691,4.1087,4.0944,4.1038
ab2321a4-1941-5572-9860-49a32bff5662,516e9d9c-c7f8-5492-a3a5-086d4e0ac1b2,105.0,1.089,1.1677,1.1137,1.1119,5.3174,5.4136,5.0898,5.4498,4.5835,4.495,4.4722,4.4754
abbd5ecc-dc57-52fd-a8fc-ef61a2bb8721,0285eccd-4d40-5cb5-9c3b-849392540576,150.0,2.2032,2.1504,2.3218,2.3548,35.1824,35.7652,37.2832,38.4922,4.1112,4.143,4.1272,4.1989
aced2918-29d0-53a5-9083-a02f0760df87,0285eccd-4d40-5cb5-9c3b-849392540576,150.0,2.1123,2.2166,2.3381,2.3537,31.9462,33.1607,33.3911,35.7731,3.9017,3.876,3.8979,3.8814
acf21f6d-a3b1-523e-8d2d-a3fa576e3592,49d5c88e-7552-581b-a788-01aaf49e96e1,105.0,0.8857,0.9083,0.9046,0.923,4.8373,4.8691,4.8314,4.6909,4.0114,4.0107,4.0726,4.057
ad8513f4-fa1d-54dd-b7bc-29167699d319,b3a54ec0-8e8b-5419-818e-5ade81afde6a,105.0,1.0784,1.1177,1.0983,1.1239,5.6077,5.6871,5.5132,5.7243,4.3421,4.3972,4.4081,4.3856
ada74e9b-fda7-5ba9-98e1-d8568f499d37,23449088-626d-572a-aaec-b46679b10c5e,125.0,1.3251,1.2541,1.3769,1.3625,11.9317,11.6911,11.9702,12.5535,4.2836,4.2804,4.2352,4.2441
ae1e0ac9-a3ba-5074-8b6f-fac5eef2fa19,5a0519df-3204-597b-83b6-71b58f58ee44,125.0,1.7163,1.7652,1.765,1.7871,12.4996,13.4423,12.8529,13.1307,4.3549,4.3589,4.3755,4.2816
ae4e7517-9664-5799-8af0-cd844d0987f2,813ea162-f43e-5732-84bd-7833109d1bd9,125.0,1.3665,1.4016,1.3989,1.4539,6.7124,7.2196,7.0911,7.1421,4.369,4.3491,4.3613,4.2922
ae68a5b8-646c-5742-b879-3a6944e8fea4,b3a54ec0-8e8b-5419-818e-5ade81afde6a,105.0,1.1199,1.1332,1.1101,1.1304,4.3157,4.247,4.4197,4.3436,4.3054,4.3213,4.3364,4.3954
aecc5b84-35ca-515c-8174-04087478ec98,23449088-626d-572a-aaec-b46679b10c5e,125.0,1.3749,1.4032,1.4317,1.4475,12.2714,12.8266,13.3816,13.0273,4.3553,4.3667,4.322,4.3749
af1388ff-051b-55f0-82ea-5ff3df67af25,0285eccd-4d40-5cb5-9c3b-849392540576,150.0,2.2199,2.2406,2.3632,2.4136,27.6026,27.7792,29.2027,29.6962,4.0674,4.0291,4.0733,4.0466
af2b55b1-ff91-5265-86ac-dda676b011b0,86b177a8-6e78-52cf-b511-e7788094e506,150.0,1.9341,2.0682,2.0363,2.0951,30.6573,32.9396,35.701,35.2315,4.0297,4.1341,4.1819,4.0651
af755f77-3332-562b-82c5-13d56124c775,1e70ad4e-7009-5647-8c36-f7324942df0d,150.0,2.1187,2.3087,2.3375,2.3075,15.4165,16.432,16.8682,16.8655,4.1999,4.1971,4.2454,4.2343
af8689df-d14c-59cb-a459-28d65233181c,516e9d9c-c7f8-5492-a3a5-086d4e0ac1b2,105.0,1.0279,1.1074,1.1029,1.084,5.3744,5.3399,5.3205,5.2958,4.3315,4.3003,4.255,4.2534
af8e247b-e506-5602-a3a1-8cc7f30c083d,717a0cee-a7e5-5728-91bd-f8465d5171b8,150.0,1.9414,1.9972,2.0098,2.019,24.9552,25.8699,26.1749,26.1449,4.0533,4.2159,4.1797,4.1681
afed8dbd-bf42-5e80-8bde-43ba2813a7c6,86b177a8-6e78-52cf-b511-e7788094e506,150.0,2.339,2.3149,2.4163,2.3996,29.0591,30.2833,31.4288,31.9534,4.04,4.0885,4.1292,4.1168
b004c21e-4378-547e-8fd4-becd1b4c0ef0,86b177a8-6e78-52cf-b511-e7788094e506,150.0,2.0432,2.0149,2.0723,2.117,20.2903,20.8312,20.2703,20.46,3.8767,3.9309,3.991,3.9981
b04f6999-bef2-542a-8604-be7a78eee456,2a9ae530-09e4-5fac-a52b-34c8ea9e69ef,85.0,0.6349,0.7571,2.3132,5.301,1.8075,3.3531,18.7054,46.6527,4.3199,4.3621,4.3948,4.2926
b0712ccb-ec51-57c3-91f0-698b6617453f,b3a54ec0-8e8b-5419-818e-5ade81afde6a,105.0,1.1003,1.122,1.6326,3.2763,4.2192,4.2347,10.4601,31.1805,4.3147,4.3836,4.3956,4.3951
b079f08c-d28d-5b9b-a827-e5862d5f4e55,b3a54ec0-8e8b-5419-818e-5ade81afde6a,105.0,1.134,1.1239,1.1487,1.1278,5.0106,4.6959,4.9593,4.8958,4.0432,4.0487,4.0491,3.9959
b12bb5c0-30aa-500e-ae04-95c40a18815c,2a9ae530-09e4-5fac-a52b-34c8ea9e69ef,85.0,0.5785,0.6156,0.6049,0.6081,1.7231,1.8127,1.8119,1.8541,4.2898,4.2423,4.2918,4.2344
b12bcf01-9be4-5e7e-80b4-d4443c92f776,48058215-2e3b-5a0a-a2f3-ccb2d6eab20b,105.0,0.9413,0.9273,0.9622,0.9408,3.7341,3.9334,4.0896,3.8264,4.239,4.2681,4.2973,4.2842
b14c6071-7d2d-5323-9258-33a32b2659fe,23449088-626d-572a-aaec-b46679b10c5e,125.0,1.3253,1.4077,1.3889,1.4265,12.7963,13.4727,13.7374,13.838,4.241,4.2141,4.2641,4.2811
b17ab9b0-2394-51af-b4f7-dd09ec922eca,49d5c88e-7552-581b-a788-01aaf49e96e1,105.0,1.0007,1.018,2.0391,3.5843,5.7024,5.9625,25.9295,55.7773,4.1548,4.1772,4.1153,4.172
b1a3c6cf-1fdd-514a-845f-8d84aec238dc,516e9d9c-c7f8-5492-a3a5-086d4e0ac1b2,105.0,1.0379,1.0417,1.0314,1.0449,4.7157,4.7721,5.1554,5.0171,4.2155,4.2603,4.2663,4.2762
b20a786c-7979-5705-8ff0-e896cb254e6c,86b177a8-6e78-52cf-b511-e7788094e506,150.0,2.2583,2.356,2.4189,2.3534,29.018,30.1338,31.3364,30.8619,3.9682,4.0423,4.0563,4.1431
b23156bc-43b8-54ea-83c1-41aad275b86b,1e70ad4e-7009-5647-8c36-f7324942df0d,150.0,2.1831,2.3199,2.5264,2.5503,17.4022,17.77,18.149,17.8774,4.0606,4.0988,4.1433,4.1633
b2762ee0-c78b-5901-9540-e2306f185676,48058215-2e3b-5a0a-a2f3-ccb2d6eab20b,105.0,1.0727,1.0878,1.0889,1.0967,4.2595,4.405,4.1988,4.2783,4.3208,4.3145,4.2942,4.2926
b2a8e078-d619-5d52-b350-f97c82127e7b,0285eccd-4d40-5cb5-9c3b-849392540576,150.0,2.0481,2.1298,2.246,2.0838,31.9623,33.3082,35.0827,35.7513,4.1448,4.2156,4.2214,4.3071
b2ace153-9a31-5c75-b99e-a82536f7f46f,86b177a8-6e78-52cf-b511-e7788094e506,150.0,2.182,2.2501,2.284,2.2676,27.5537,27.5109,28.8804,29.138,3.966,3.9749,3.9964,4.0128
b2d74122-e8b6-5c80-9bd1-59a202f6e273,48058215-2e3b-5a0a-a2f3-ccb2d6eab20b,105.0,1.0703,1.1169,1.1212,1.1058,4.4243,4.5794,4.778,4.6439,4.2905,4.2884,4.2968,4.3572
b34ad860-bb62-599d-bd3f-8aa12d4a3bda,48058215-2e3b-5a0a-a2f3-ccb2d6eab20b,105.0,1.0225,1.0735,1.0919,1.0818,4.1667,4.2934,4.129,4.188,4.3369,4.3651,4.3148,4.3446
b357120e-d075-5e92-bb20-f2cd99e15178,813ea162-f43e-5732-84bd-7833109d1bd9,125.0,1.3548,1.3234,1.3656,1.4106,20.8581,21.4502,20.6804,21.7693,4.411,4.3909,4.3952,4.4221
b4040407-defe-5096-8a79-43c5897d4901,1e70ad4e-7009-5647-8c36-f7324942df0d,150.0,2.1378,2.1862,2.2214,2.1961,11.6714,13.1715,13.4437,13.5927,4.295,4.2439,4.3087,4.3453
b4305b38-168e-5a51-b0c5-6a787c40337c,1e70ad4e-7009-5647-8c36-f7324942df0d,150.0,2.172,2.2433,2.1938,2.3865,13.7001,14.7824,14.515,15.3069,4.1761,4.1624,4.1742,4.2415
b46183de-4f29-5b32-9d56-4cd3e2db5b6e,516e9d9c-c7f8-5492-a3a5-086d4e0ac1b2,105.0,1.08,1.1328,1.1417,1.1379,4.7297,4.9021,4.7737,4.5851,4.3577,4.4002,4.3685,4.3713
b4b08a0e-d70b-50a3-b7a3-90bfb4784387,5a0519df-3204-597b-83b6-71b58f58ee44,125.0,1.7229,1.7938,1.8095,1.8111,10.7375,10.6506,10.8445,11.1599,4.0539,4.1006,4.0404,4.0975
b53612a0-94bb-5762-a6b1-9bb0a13cf245,717a0cee-a7e5-5728-91bd-f8465d5171b8,150.0,1.8052,1.8182,1.8957,1.8703,22.6981,23.55,25.2452,24.0625,4.2963,4.3092,4.3567,4.3731
b573754c-7d55-5874-81be-9a46ddd6dca7,48058215-2e3b-5a0a-a2f3-ccb2d6eab20b,105.0,1.1283,1.1725,1.1672,1.1634,4.7262,4.9727,4.8584,4.9083,4.2078,4.2836,4.2731,4.3248
b57d0e27-c6d9-5a01-bfd6-961e5da13ac8,1e70ad4e-7009-5647-8c36-f7324942df0d,150.0,2.304,2.3459,2.4299,2.434,18.1068,19.2561,18.8391,19.9277,4.4181,4.4688,4.446,4.456
b5e15b9c-191a-532b-b941-57c97ec72f83,5a0519df-3204-597b-83b6-71b58f58ee44,125.0,1.6793,1.7207,1.8262,1.7621,10.3304,10.9269,10.9132,11.6733,4.1199,4.1383,4.1424,4.0909
b5eb0ffa-cfe1-5b81-a4cf-591895c43c1a,2a9ae530-09e4-5fac-a52b-34c8ea9e69ef,85.0,0.6767,0.6706,0.6842,0.6696,2.2352,2.2758,2.13,2.3901,4.1491,4.1421,4.1206,4.1469
b604bbb2-e349-59f6-bc16-e344459bcfe4,813ea162-f43e-5732-84bd-7833109d1bd9,125.0,1.6001,1.6638,1.6398,1.6478,9.2542,9.1616,9.1241,8.8949,4.5684,4.5257,4.5911,4.625
b626ed63-31bb-5f59-8bc3-22ec70efebb4,86b177a8-6e78-52cf-b511-e7788094e506,150.0,2.1381,2.2891,2.3663,2.3565,28.11,27.8823,28.8801,29.9256,3.9494,3.9718,3.9991,4.0209
b64bdaed-d50c-59d0-8ab1-542b4ea94595,1e70ad4e-7009-5647-8c36-f7324942df0d,150.0,1.9842,2.0049,2.1694,2.2107,13.7801,14.2466,14.1068,13.7378,4.2558,4.2552,4.2987,4.3119
b6920bd0-824b-5691-9110-8700b29d041d,86b177a8-6e78-52cf-b511-e7788094e506,150.0,2.2494,2.3836,2.5076,2.6056,31.963,32.8833,34.7164,34.9775,3.9975,3.9961,4.0703,4.0644
b6a304bf-f2d8-5f86-8d57-d038ff355430,813ea162-f43e-5732-84bd-7833109d1bd9,125.0,1.4353,1.4729,1.4713,1.4848,7.7447,8.1074,7.9248,7.9271,4.5401,4.5468,4.4788,4.5413
b6bcc696-5246-5b7a-b099-ef0e34ce8a8b,1e70ad4e-7009-5647-8c36-f7324942df0d,150.0,2.2304,2.2494,2.3822,2.4097,15.5179,16.5356,15.9926,16.7374,4.1943,4.2442,4.2751,4.3307
b706fc84-40ee-5f95-be45-1d6638844bfc,717a0cee-a7e5-5728-91bd-f8465d5171b8,150.0,1.8413,1.9262,1.9764,1.9776,21.9853,22.2387,23.5005,23.5322,4.087,4.1004,4.1284,4.1287
b71b52ac-dbba-5eb7-b751-89c870da160a,48058215-2e3b-5a0a-a2f3-ccb2d6eab20b,105.0,1.0553,1.1051,1.1053,1.1392,3.895,3.8686,3.811,4.0283,4.122,4.0577,4.0956,4.0654
b7383661-60f6-5438-b27d-16f237983b83,717a0cee-a7e5-5728-91bd-f8465d5171b8,150.0,1.8317,1.9184,1.9854,1.9702,23.9361,25.1009,24.9685,24.5907,4.0942,4.0488,4.1274,4.0995
b79057aa-15a9-5ae4-9b6f-3dcb80f2d996,1e70ad4e-7009-5647-8c36-f7324942df0d,150.0,2.2167,2.2066,2.2117,2.2626,14.3413,14.0222,14.3706,14.7517,4.1958,4.2338,4.2429,4.2465
b7b1bb8b-8731-53ad-a6a7-2670ab32d345,48058215-2e3b-5a0a-a2f3-ccb2d6eab20b,105.0,1.0725,1.0903,1.0749,1.0799,3.9086,3.8408,3.7661,3.8892,4.5387,4.41,4.4751,4.536
b866a12f-a3ca-5299-b769-62c268be61a9,1e70ad4e-7009-5647-8c36-f7324942df0d,150.0,2.2035,2.5035,2.5366,2.6551,17.7351,19.5256,19.7825,20.6084,4.2227,4.2707,4.1879,4.2553
b97b3f8d-ca02-5900-83a8-a9565a5e9215,813ea162-f43e-5732-84bd-7833109d1bd9,125.0,1.425,1.4552,1.4326,1.4624,7.1052,7.6652,7.4691,7.455,4.4987,4.4116,4.4766,4.4762
bb74d75a-2503-5a82-a8ea-d9743ae74a40,0285eccd-4d40-5cb5-9c3b-849392540576,150.0,2.3505,2.484,2.5203,2.8539,45.7642,47.8105,49.5,49.5,4.1872,4.1342,4.1963,4.2273
bb787b17-c681-53d2-9f48-87713dd0423a,1e70ad4e-7009-5647-8c36-f7324942df0d,150.0,2.1889,2.3834,2.403,2.5525,17.0959,17.4134,18.8478,18.1307,4.1743,4.2831,4.228,4.2738
bba75944-6293-5ec7-b866-1e68d28e3463,1e70ad4e-7009-5647-8c36-f7324942df0d,150.0,2.2198,2.1825,2.2138,2.1809,16.7046,17.2666,17.3384,17.7786,4.2662,4.3844,4.4739,4.4531
bbc2fcad-ae33-5351-8bc4-29930ed02a81,516e9d9c-c7f8-5492-a3a5-086d4e0ac1b2,105.0,1.0375,1.0754,1.0363,1.0524,5.0804,5.2364,5.4634,5.2401,4.3052,4.3052,4.326,4.2747
bbeb0290-8c1f-55f4-9318-12acec2c5f58,516e9d9c-c7f8-5492-a3a5-086d4e0ac1b2,105.0,1.1591,1.1295,1.1711,1.1563,6.0538,6.0434,6.2212,5.9953,4.2901,4.3177,4.3796,4.3418
bc1a60dd-cf9e-5171-bbe3-2e7e18ff58a9,86b177a8-6e78-52cf-b511-e7788094e506,150.0,2.1217,2.1963,2.2436,2.2606,24.752,25.4347,26.878,27.967,4.0733,4.1261,4.1339,4.1582
bc5c4714-73f2-5f05-aed2-ac81b2f58b07,1e70ad4e-7009-5647-8c36-f7324942df0d,150.0,2.0862,2.0729,2.2391,2.3093,13.5206,13.6985,14.1171,14.5804,4.1398,4.1852,4.2619,4.224
bc7e70ac-5dfc-54f1-be6a-2e61cc369f34,1e70ad4e-7009-5647-8c36-f7324942df0d,150.0,2.0372,2.0748,2.0603,2.1198,14.3318,15.2932,15.5,15.1951,4.1246,4.1653,4.1738,4.2319
bcf48a37-05e1-5ac6-8b31-4872a4b6c5ed,1e70ad4e-7009-5647-8c36-f7324942df0d,150.0,2.0646,2.1495,2.2275,2.2585,13.8237,14.4376,14.1389,15.0856,4.2355,4.273,4.2629,4.3207
bd813ee5-1f6c-5a24-9549-51024374af73,0285eccd-4d40-5cb5-9c3b-849392540576,150.0,2.0591,2.0779,2.1737,2.2406,28.6009,29.4291,29.9811,29.5735,4.0865,4.1192,4.1489,4.1497
bd964ca4-cfb9-588e-9596-2e438f191ed8,2a9ae530-09e4-5fac-a52b-34c8ea9e69ef,85.0,0.5944,0.5744,0.5873,0.6119,1.5747,1.6229,1.5194,1.7405,4.0202,3.9903,4.0085,4.0271
bdb7ed3a-6a7f-5f29-8e1c-4cc8bf41c89e,516e9d9c-c7f8-5492-a3a5-086d4e0ac1b2,105.0,1.1095,1.0817,1.1096,1.1946,5.6144,5.6683,6.286,5.6467,4.3528,4.3601,4.3715,4.309
be5e890d-0c3c-5009-9504-167252bed28a,49d5c88e-7552-581b-a788-01aaf49e96e1,105.0,1.0053,0.9648,0.9867,1.0019,5.3737,5.3022,5.3876,5.1804,4.2309,4.2435,4.2266,4.2831
bf1bf888-45db-5d78-815f-98ef2b3888ee,717a0cee-a7e5-5728-91bd-f8465d5171b8,150.0,2.0115,2.1803,2.1967,2.2932,27.586,29.4932,31.7902,32.956,4.1971,4.2799,4.3209,4.3822
bf22811a-4621-561e-b15c-fdd203a10de3,516e9d9c-c7f8-5492-a3a5-086d4e0ac1b2,105.0,1.1589,1.1077,1.1485,1.1121,5.0037,4.7885,5.0396,5.0401,4.2038,4.2862,4.3385,4.2956
bf360117-87f3-57aa-9820-bdccf884210d,813ea162-f43e-5732-84bd-7833109d1bd9,125.0,1.4127,1.3928,1.4498,1.4564,8.0241,8.0464,8.431,7.9832,4.3394,4.3856,4.3964,4.4148
bf39bd4a-5ce1-503b-aabe-d899821f35ea,48058215-2e3b-5a0a-a2f3-ccb2d6eab20b,105.0,1.0101,0.9971,1.0231,1.0165,3.4913,3.5536,3.5593,3.3956,4.0852,4.1206,4.0897,4.1589
bf402b62-c940-5c11-8f08-b0f28aed1271,b3a54ec0-8e8b-5419-818e-5ade81afde6a,105.0,1.0518,1.1042,1.1224,1.0858,3.9114,4.1161,4.0162,4.2414,4.1253,4.1099,4.1507,4.1179
bf81b80b-d146-5be4-8c00-07af1e4a85cc,717a0cee-a7e5-5728-91bd-f8465d5171b8,150.0,1.8122,1.9087,1.9453,2.0416,22.0204,21.6372,23.5275,23.7382,3.974,4.0239,4.0316,4.0312
c0f1b349-c750-5a5c-bf6a-9a5ec5f51e38,516e9d9c-c7f8-5492-a3a5-086d4e0ac1b2,105.0,1.0526,1.0414,1.0502,1.0717,4.8198,4.9827,4.9209,5.0019,4.4012,4.4726,4.4368,4.5189
c12e2e30-0127-59e3-89ba-964ec4689b95,48058215-2e3b-5a0a-a2f3-ccb2d6eab20b,105.0,1.0809,1.0863,1.0861,1.0892,4.059,4.4622,4.4849,4.305,4.0227,3.9802,4.073,4.0422
c24ff20a-d254-5aaa-80be-07a0e840fd17,717a0cee-a7e5-5728-91bd-f8465d5171b8,150.0,1.854,1.8756,1.9475,1.9059,23.8029,26.5509,25.8994,26.4793,4.0507,4.0378,4.0996,4.1212
c2706133-c97c-5bfe-a731-3ad0228af348,717a0cee-a7e5-5728-91bd-f8465d5171b8,150.0,1.9331,2.1229,2.2527,2.329,27.6564,27.4812,27.3411,27.5806,4.0863,4.1916,4.1486,4.2005
c2a013ae-b3f9-5f9a-856a-d1da8e3b0cc5,0285eccd-4d40-5cb5-9c3b-849392540576,150.0,2.0372,2.1505,2.1218,2.2032,27.0156,28.8362,28.3711,29.1382,4.2774,4.2718,4.3154,4.2258
c33ae6c2-ff90-5d7a-be6c-9d4efcb0b5d7,86b177a8-6e78-52cf-b511-e7788094e506,150.0,2.1506,2.2825,2.398,2.4119,30.5186,31.2706,33.042,32.4415,3.986,4.0376,4.0826,4.1559
c34910e4-c3bd-5e83-8a82-23b6c1bcb5d9,2a9ae530-09e4-5fac-a52b-34c8ea9e69ef,85.0,0.5991,0.6022,0.617,0.6027,1.4516,1.5158,1.4944,1.4113,3.8801,3.8037,3.8837,3.8851
c34d73e9-d024-51eb-bb42-ff50351e8a9d,86b177a8-6e78-52cf-b511-e7788094e506,150.0,2.0538,2.1342,2.2725,2.2654,24.5398,26.176,27.6545,26.5536,4.1519,4.2488,4.1793,4.188
c35320c5-e4eb-580e-b0e2-b9fdf3ba1630,49d5c88e-7552-581b-a788-01aaf49e96e1,105.0,1.0027,0.9915,1.0058,1.0026,4.9076,5.0069,5.1287,5.1176,3.9454,4.0148,3.977,4.0126
c43eadfd-94a6-53fc-a6e6-f6c51b9e6e65,813ea162-f43e-5732-84bd-7833109d1bd9,125.0,1.4048,1.4209,1.4021,1.4311,7.8514,7.8142,7.8932,8.0077,4.5477,4.5643,4.4852,4.6151
c441756e-2e21-5585-b922-8176fc944e6a,b3a54ec0-8e8b-5419-818e-5ade81afde6a,105.0,1.2454,1.2751,1.2542,1.2882,5.3659,5.394,5.3698,5.7596,4.1718,4.176,4.1505,4.1667
c4b87366-899c-5537-82fd-4ad699bb78ad,1e70ad4e-7009-5647-8c36-f7324942df0d,150.0,2.3817,2.4795,2.5042,2.5521,21.7259,24.2295,23.8264,24.6956,4.228,4.2431,4.2781,4.2527
c4e287e4-0e96-5cd3-a65f-f2ebafd2ef3a,1e70ad4e-7009-5647-8c36-f7324942df0d,150.0,2.0384,1.9669,2.129,2.2032,14.2549,14.0544,14.8985,14.7656,4.1802,4.1921,4.2176,4.1534
c520c0a8-7c64-5fe2-a663-ac3f7326fe89,86b177a8-6e78-52cf-b511-e7788094e506,150.0,2.1461,2.2109,2.3004,2.3015,39.3789,41.7448,42.1554,43.3721,4.1664,4.1667,4.2127,4.2177
c551c64b-b6bb-5811-8fed-6a1527512feb,516e9d9c-c7f8-5492-a3a5-086d4e0ac1b2,105.0,1.1504,1.1241,1.1473,1.1558,6.0836,6.2013,6.1578,6.2511,4.4817,4.4554,4.3776,4.4518
c55e9de4-c116-532d-964d-72c481df23e2,5a0519df-3204-597b-83b6-71b58f58ee44,125.0,1.7641,1.7683,1.812,1.7996,11.1442,11.5464,11.4075,11.2938,4.0224,4.0237,4.0497,4.0644
c5a7a065-163e-531e-9ee4-9e6aa7137ce2,813ea162-f43e-5732-84bd-7833109d1bd9,125.0,1.2876,1.3285,1.3422,1.285,7.2596,6.6721,6.7638,6.8625,4.3653,4.4114,4.3401,4.387
c5e404f7-97fa-5481-a158-43470a4fff8c,23449088-626d-572a-aaec-b46679b10c5e,125.0,1.3475,1.3008,1.4057,1.3861,10.9917,11.2559,11.3229,11.6811,4.2484,4.2464,4.2506,4.274
c6027f98-1107-57c4-8836-aefd191319ab,813ea162-f43e-5732-84bd-7833109d1bd9,125.0,1.4487,1.5235,1.4985,1.4834,8.3885,8.5199,8.6063,8.8165,4.3409,4.419,4.4511,4.4557
c65006da-daff-5cb7-ad86-5b32b1de3d54,813ea162-f43e-5732-84bd-7833109d1bd9,125.0,1.3752,1.411,1.4172,1.4529,7.4566,7.2795,7.2613,7.4769,4.4879,4.5204,4.4972,4.4777
c6810b7a-8bc4-5f98-ae1f-7f39b877b900,48058215-2e3b-5a0a-a2f3-ccb2d6eab20b,105.0,1.0254,1.0465,1.0633,1.0719,4.1431,3.8091,3.9218,3.7313,4.1984,4.2115,4.1623,4.1915
c6aa5c7c-81e2-5ed8-83d8-3b5372bd0576,813ea162-f43e-5732-84bd-7833109d1bd9,125.0,1.3001,1.3147,1.3792,1.3251,6.2462,6.4648,6.5212,6.309,4.4171,4.4665,4.4665,4.4587
c7213f2b-e250-58f5-ab9f-9ddc6693b622,516e9d9c-c7f8-5492-a3a5-086d4e0ac1b2,105.0,1.1052,1.0892,1.0777,2.3738,5.7368,5.6651,6.3634,26.5179,4.4428,4.4713,4.4805,4.4349
c744f72e-8116-5ad0-a968-b7bc8ed33d70,23449088-626d-572a-aaec-b46679b10c5e,125.0,1.2309,1.2293,1.2875,1.301,11.4693,11.9978,11.7225,12.1417,4.2647,4.2428,4.2696,4.2411
c753fe80-d17b-51e7-965f-acfb7aa5a0ef,86b177a8-6e78-52cf-b511-e7788094e506,150.0,2.2394,2.2754,2.4142,2.5364,21.2231,21.5668,21.468,21.7868,4.1747,4.2064,4.3201,4.3625
c75c42a6-4117-556f-a53c-8165ab04f824,1e70ad4e-7009-5647-8c36-f7324942df0d,150.0,2.1424,2.3089,2.3918,2.5029,17.4451,18.0582,18.2038,19.2088,4.0371,4.0485,4.0776,4.0599
c7637fd0-d049-5146-bd24-b3b68c5c4e40,5a0519df-3204-597b-83b6-71b58f58ee44,125.0,1.6626,1.7277,1.7204,1.6891,9.6634,10.0848,10.6961,9.9376,4.0643,4.0613,4.0722,4.1088
c81afb79-a6fe-558d-890d-07071b4cba03,813ea162-f43e-5732-84bd-7833109d1bd9,125.0,1.4601,1.4523,1.4992,1.4337,8.3167,8.2347,8.661,8.5875,4.4584,4.497,4.4498,4.4973
c873f92b-2e11-5e7b-bc4f-f7df60078f37,5a0519df-3204-597b-83b6-71b58f58ee44,125.0,1.4746,1.4541,1.4911,1.4717,7.3315,7.2146,7.8543,7.8063,4.1056,4.0501,4.0683,4.065
c8bcbdfc-382a-5d25-9726-f61abb05e2cb,717a0cee-a7e5-5728-91bd-f8465d5171b8,150.0,1.9112,1.9374,1.9821,1.9823,25.874,27.924,29.2334,29.9083,4.32,4.3587,4.3633,4.3947
c8c28328-1502-5c99-b3e4-8e414a16766e,48058215-2e3b-5a0a-a2f3-ccb2d6eab20b,105.0,0.9946,0.9693,0.9992,0.9885,3.7135,3.4029,3.4984,3.2583,4.3104,4.2871,4.3343,4.254
c8fad177-28aa-5f2e-b3e6-509d155487b3,b3a54ec0-8e8b-5419-818e-5ade81afde6a,105.0,1.1554,1.1699,1.1684,1.1332,5.0152,5.1193,5.0104,4.9252,4.4241,4.417,4.3914,4.4262
c904f49b-bc00-5f94-9064-6a8e79eb688d,1e70ad4e-7009-5647-8c36-f7324942df0d,150.0,2.0929,2.2077,2.0918,2.1508,13.3025,14.0785,14.5256,14.3428,4.3203,4.4473,4.4338,4.4805
c94e4c01-b7af-502c-a967-693da2fdfd91,0285eccd-4d40-5cb5-9c3b-849392540576,150.0,2.0046,2.0926,2.1332,2.2345,27.146,28.3062,29.8441,31.6476,4.2619,4.2671,4.2521,4.2993
c9aa70c1-a30e-548d-9b20-ada1dcd0cb57,48058215-2e3b-5a0a-a2f3-ccb2d6eab20b,105.0,1.1044,1.0999,1.1125,1.0854,4.1055,4.1972,4.2428,4.1516,4.4318,4.4488,4.4409,4.4482
c9ca022f-ca0b-5f28-a9c6-28b866b71fe0,1e70ad4e-7009-5647-8c36-f7324942df0d,150.0,2.0887,2.3047,2.2756,2.3117,13.4798,13.4282,13.5564,13.5834,4.2349,4.3031,4.3056,4.3323
cabc15bb-c545-5b2b-aac6-8f558d3a5960,49d5c88e-7552-581b-a788-01aaf49e96e1,105.0,1.0508,1.0412,1.0857,1.0549,5.9158,6.6251,6.5312,6.6844,4.1091,4.1456,4.0851,4.123
cb1aa01d-2f75-5b5e-9b62-f68ba2736c6d,0285eccd-4d40-5cb5-9c3b-849392540576,150.0,2.0041,2.0871,2.0773,2.1102,28.0065,29.0878,30.9494,29.7783,3.9012,3.9887,4.0738,4.0137
cb1e5aee-1d05-551c-ac14-9d59375f3c1e,48058215-2e3b-5a0a-a2f3-ccb2d6eab20b,105.0,1.087,1.0926,1.0863,1.0751,4.3617,4.7673,4.7022,4.7166,4.2336,4.2198,4.2441,4.2184
cb45ece5-62fd-5f4d-8a5d-27f90b6df6c0,5a0519df-3204-597b-83b6-71b58f58ee44,125.0,1.6414,1.6488,1.5899,1.6469,9.5021,9.8851,10.259,10.4627,4.2008,4.1774,4.1712,4.1744
cb4ea32e-0e34-53d3-abbb-98b2ac11aa2c,1e70ad4e-7009-5647-8c36-f7324942df0d,150.0,2.1768,2.3443,2.3733,2.4247,17.6884,19.5959,19.3252,19.2544,4.2955,4.4012,4.5069,4.4286
cbd2543d-bcf1-5966-a315-7ce042b6b550,b3a54ec0-8e8b-5419-818e-5ade81afde6a,105.0,1.1299,1.0923,1.1185,1.0776,4.5467,4.7248,4.7072,4.6475,4.3076,4.3132,4.294,4.3449
cc07a638-245b-500b-91c0-dff3d2501123,48058215-2e3b-5a0a-a2f3-ccb2d6eab20b,105.0,0.9916,0.9702,1.0173,0.9974,3.8269,3.534,3.8686,3.7381,4.4322,4.4354,4.4962,4.4587
cc41e740-5c13-562c-a669-be5d07115888,b3a54ec0-8e8b-5419-818e-5ade81afde6a,105.0,1.0037,1.0028,1.0346,1.0295,4.2094,4.0195,4.038,4.2449,4.341,4.3619,4.3626,4.3738
cc6c476d-5f8b-51d5-ba05-902277459830,2a9ae530-09e4-5fac-a52b-34c8ea9e69ef,85.0,0.6677,0.6579,0.6604,0.6515,1.4578,1.4279,1.3972,1.6198,3.9982,4.097,4.0503,3.9988
cc75ba13-bca2-5a7f-a5de-57a8e3338623,49d5c88e-7552-581b-a788-01aaf49e96e1,105.0,0.9228,0.9737,0.9698,0.9709,5.1903,5.1034,5.1298,5.4491,4.4544,4.3753,4.4538,4.4476
cc7c609a-9dcf-58bb-a9af-653c66494805,86b177a8-6e78-52cf-b511-e7788094e506,150.0,2.1135,2.2109,2.1942,2.1849,27.9695,28.6932,30.3457,28.8795,4.2396,4.2724,4.3518,4.3412
ccb2f0f7-28c7-59b3-bbc4-c2a57e485f38,813ea162-f43e-5732-84bd-7833109d1bd9,125.0,1.4292,1.4579,1.4441,1.4435,5.3061,5.4106,5.4442,5.4849,4.3452,4.4062,4.3665,4.3732
ccc3a06f-bc1b-5887-b70b-7ac002b582d6,717a0cee-a7e5-5728-91bd-f8465d5171b8,150.0,1.924,1.8946,1.9455,1.9292,24.1685,26.6455,28.1207,29.3172,3.9125,3.953,3.9472,3.9066
cd3ba89b-6507-5caf-9cb3-a4f4b72883bf,b3a54ec0-8e8b-5419-818e-5ade81afde6a,105.0,1.073,1.0507,1.0327,1.0538,4.0553,4.2088,4.1118,4.2446,4.2034,4.2513,4.2208,4.1748
cd3de4c1-9587-5e8a-b497-8d156090cd1a,717a0cee-a7e5-5728-91bd-f8465d5171b8,150.0,1.7997,1.8756,1.8589,1.938,21.6779,22.5419,23.873,23.5449,4.0966,4.1228,4.1301,4.1814
cd578199-636c-5c80-baa7-3c222a4ea9a8,1e70ad4e-7009-5647-8c36-f7324942df0d,150.0,2.0338,2.0774,2.2424,2.3563,14.1137,14.3719,14.7333,15.1692,4.1091,4.1681,4.133,4.2222
cd6a47ee-96e1-5536-b6ae-eee9d539e0e2,516e9d9c-c7f8-5492-a3a5-086d4e0ac1b2,105.0,1.1174,1.0905,1.156,1.1169,6.1645,5.5788,5.7527,5.9339,4.4669,4.4041,4.4208,4.3981
ce593e6a-d02b-5b96-acac-52947a66ca5c,717a0cee-a7e5-5728-91bd-f8465d5171b8,150.0,1.9593,2.0075,2.0908,2.3753,26.0979,28.027,34.2643,42.17,4.1586,4.1869,4.1303,4.201
ceb2441d-1c73-54c8-acc9-c7aba5e6d979,1e70ad4e-7009-5647-8c36-f7324942df0d,150.0,2.0477,2.1788,2.2785,2.3424,16.8761,18.2427,19.3886,19.071,4.4186,4.4795,4.4422,4.5011
cf63a3cc-aba7-5241-a320-604ba204d9f9,1e70ad4e-7009-5647-8c36-f7324942df0d,150.0,2.2004,2.241,2.2927,2.3752,18.1889,18.5519,18.2209,18.5247,4.3021,4.3032,4.3555,4.3256
cfef0589-d763-5d89-a4cf-f62f59a48948,516e9d9c-c7f8-5492-a3a5-086d4e0ac1b2,105.0,1.0348,1.0957,1.1078,3.3668,5.981,5.8265,5.7407,46.1108,4.2412,4.2179,4.2761,4.2173
d03b6332-01e4-587c-952d-1c9e40ec43f0,2a9ae530-09e4-5fac-a52b-34c8ea9e69ef,85.0,0.675,0.6678,0.703,0.6855,1.9299,2.1016,2.0372,1.9374,4.2094,4.2523,4.2014,4.1858
d08d3c05-5870-5128-a6cb-0971633b8bb8,86b177a8-6e78-52cf-b511-e7788094e506,150.0,2.3148,2.2787,2.3982,2.3438,33.9825,33.8853,34.5353,34.629,4.0739,4.0535,4.1422,4.0853
d1004cf1-9bc5-53cd-890f-53a2e8eb4646,2a9ae530-09e4-5fac-a52b-34c8ea9e69ef,85.0,0.6577,0.6139,1.0323,3.1731,1.7823,1.7384,6.0385,25.8667,3.998,3.9667,4.0752,4.0283
d11b9521-f973-5918-9158-8af61d9829b1,23449088-626d-572a-aaec-b46679b10c5e,125.0,1.3056,1.2959,1.3367,1.3365,11.3078,11.7351,12.1343,11.9476,4.1576,4.1805,4.1162,4.1658
d14c919a-f622-5441-8e47-19f14a4b2513,0285eccd-4d40-5cb5-9c3b-849392540576,150.0,2.2723,2.3548,2.3898,2.4879,33.176,34.1164,36.2539,35.9884,4.009,4.0224,4.0285,4.1335
d1f5cdd8-0c9d-5c76-a0d2-af3b1a6114cf,86b177a8-6e78-52cf-b511-e7788094e506,150.0,1.8411,1.81,1.9139,1.9138,21.8703,22.2614,23.4538,23.6231,4.0314,4.0931,4.164,4.1222
d1f937dd-2668-5efd-8af4-b97613a8d36b,717a0cee-a7e5-5728-91bd-f8465d5171b8,150.0,1.7351,1.8215,1.8794,1.899,20.1687,20.9734,21.5521,22.0392,4.2661,4.2901,4.3267,4.3533
d231cef5-2e4f-56c8-b2fb-4b5ce0be037e,717a0cee-a7e5-5728-91bd-f8465d5171b8,150.0,2.0514,2.0991,2.229,2.1944,30.8313,32.1006,31.6755,33.2603,4.4105,4.4074,4.4151,4.4514
d2c8ee50-47ae-5cc6-80dc-43f8a935b4dc,5a0519df-3204-597b-83b6-71b58f58ee44,125.0,1.7813,1.7702,1.7913,1.7959,11.1341,10.9044,11.2773,11.3229,4.0391,4.0636,4.0916,4.0439
d2e2bc41-392b-5854-8b74-4fabbc16a110,49d5c88e-7552-581b-a788-01aaf49e96e1,105.0,0.9125,0.9165,0.9188,0.9303,5.4341,5.0388,5.2145,5.5161,4.1845,4.1713,4.1886,4.1822
d31da56b-e8ed-5b45-b7bd-a11354888b27,48058215-2e3b-5a0a-a2f3-ccb2d6eab20b,105.0,0.9423,0.9094,0.9261,0.9299,2.8372,2.8463,2.6382,2.6631,4.0538,4.0426,4.1076,4.053
d31de2c3-db5c-51b5-8eb8-b632cbf79923,2a9ae530-09e4-5fac-a52b-34c8ea9e69ef,85.0,0.6122,0.6171,0.6234,0.6081,2.0878,2.4873,2.1195,2.3254,4.1307,4.1044,4.1336,4.1179
d3342338-e06d-56da-a4e3-b8154c799087,1e70ad4e-7009-5647-8c36-f7324942df0d,150.0,2.1739,2.1794,2.224,2.2953,15.535,16.7016,16.3719,16.8906,4.3086,4.3069,4.3178,4.3518
d34640d6-ee2c-5aa6-a099-8189b280b659,1e70ad4e-7009-5647-8c36-f7324942df0d,150.0,1.9523,2.0258,2.0779,2.1495,15.2895,15.7471,15.7571,16.9178,4.1099,4.103,4.1383,4.1763
d35de7c5-9f2a-5510-be71-65fb8eb3d646,49d5c88e-7552-581b-a788-01aaf49e96e1,105.0,0.9622,0.9679,1.0004,0.9636,6.1874,6.174,6.0735,5.8765,4.1124,4.0844,4.1087,4.1228
d380acea-11c0-5fe8-91b7-d2c65e998ed7,2a9ae530-09e4-5fac-a52b-34c8ea9e69ef,85.0,0.6427,0.6188,0.632,0.6337,1.8844,1.8854,2.0107,1.892,4.134,4.1553,4.1214,4.1863
d389c507-3707-51cd-96e3-db4bd40c0e70,2a9ae530-09e4-5fac-a52b-34c8ea9e69ef,85.0,0.6456,0.6434,0.6513,0.6446,1.7813,1.6788,1.678,1.7846,3.8525,3.9848,3.9414,3.9698
d39dd68d-eab9-5d1b-8f68-6f1e83d5722f,0285eccd-4d40-5cb5-9c3b-849392540576,150.0,2.2769,2.2666,2.3556,2.3711,33.8857,36.1007,40.2692,39.7517,3.9304,4.0297,4.0146,4.0052
d46bf04b-ff04-5b87-a096-373a7ac3eb67,23449088-626d-572a-aaec-b46679b10c5e,125.0,1.3291,1.313,1.347,1.3398,13.4611,12.9459,13.8441,12.9179,4.2866,4.3949,4.3471,4.4054
d479a683-d470-50df-a71a-7aa12826d30a,2a9ae530-09e4-5fac-a52b-34c8ea9e69ef,85.0,0.656,0.6426,0.6568,0.6299,1.9325,1.9571,1.8555,2.0126,3.9797,3.9567,4.0014,3.9933
d4c53d6f-cb27-5851-8cac-9ecd55854406,b3a54ec0-8e8b-5419-818e-5ade81afde6a,105.0,1.0954,1.0927,1.0937,1.1141,4.4063,4.6468,4.4337,4.3426,4.1114,4.2073,4.1278,4.1235
d4c90c88-c850-52b2-91b2-31aa4cf9d481,b3a54ec0-8e8b-5419-818e-5ade81afde6a,105.0,1.1776,1.1958,1.1668,1.1808,5.3827,5.5306,5.5639,5.3335,4.1944,4.2169,4.1922,4.2095
d52c6425-6bb1-54bf-8a16-291d47f86962,48058215-2e3b-5a0a-a2f3-ccb2d6eab20b,105.0,1.0817,1.077,1.0891,1.1377,4.458,4.1925,4.3121,4.5943,4.1658,4.1704,4.146,4.1645
d563356b-c7d6-5ad7-9961-863a417a8c42,86b177a8-6e78-52cf-b511-e7788094e506,150.0,2.0775,2.1472,2.1489,2.1543,24.0253,26.1466,26.8286,26.5132,4.0746,4.0918,4.0716,4.1462
d589d2ae-126a-576a-8937-b872c5b6540d,0285eccd-4d40-5cb5-9c3b-849392540576,150.0,2.2444,2.276,2.3112,2.427,28.3475,30.2043,30.4745,31.3822,4.1765,4.1944,4.211,4.2555
d5d8aa15-d741-56cf-9115-51170efb513e,0285eccd-4d40-5cb5-9c3b-849392540576,150.0,1.96,2.2835,2.4208,2.5037,33.6832,34.9548,35.2282,35.0727,4.2145,4.1544,4.2772,4.3155
d5ff01f8-2506-50f8-9140-0e14d476ccaa,5a0519df-3204-597b-83b6-71b58f58ee44,125.0,1.5573,1.5746,1.6927,1.6564,10.4539,10.2001,10.3769,10.5745,4.1004,4.0806,4.1335,4.1189
d64e9c54-d64a-5de9-938c-63ae8b48b288,48058215-2e3b-5a0a-a2f3-ccb2d6eab20b,105.0,0.9649,0.9649,0.9779,0.9436,3.873,3.8385,3.9184,3.5535,4.3554,4.2907,4.3748,4.2777
d6784c34-8f4e-5baa-8627-542291c45d0f,49d5c88e-7552-581b-a788-01aaf49e96e1,105.0,1.0037,1.0168,1.0285,0.9947,4.7106,5.1108,5.2788,5.0901,3.9471,3.9799,3.9929,4.0065
d6d984f2-b864-502b-9465-c972560cc9e0,2a9ae530-09e4-5fac-a52b-34c8ea9e69ef,85.0,0.6101,0.6315,0.6149,0.672,1.9645,1.9186,1.9035,1.9721,3.9643,3.9295,3.9541,3.9609
d73ccab6-34ed-5d99-9250-a5354aaf5f0a,48058215-2e3b-5a0a-a2f3-ccb2d6eab20b,105.0,1.0531,1.0592,1.0572,1.0518,3.828,3.8712,3.869,3.8175,4.1547,4.1811,4.1582,4.1807
d750ac79-ba04-5689-ae5b-00c22d254faa,813ea162-f43e-5732-84bd-7833109d1bd9,125.0,1.3205,1.2581,1.3678,1.3034,7.3331,7.4576,6.9653,7.3086,4.3865,4.3625,4.4188,4.3963
d7523576-c1c7-5c08-8219-1a34b434b2c9,1e70ad4e-7009-5647-8c36-f7324942df0d,150.0,2.1527,2.2787,2.3619,2.3337,16.196,17.8792,18.5217,18.7178,4.3965,4.4215,4.4786,4.4681
d778ccca-9fff-596b-8cca-06fb328700e4,86b177a8-6e78-52cf-b511-e7788094e506,150.0,2.124,2.2174,2.2138,2.3837,29.5086,31.415,31.086,32.1255,3.9752,3.9395,3.9744,4.0115
d798aad1-e813-5fa0-a888-13f2c3c4157a,23449088-626d-572a-aaec-b46679b10c5e,125.0,1.2999,1.331,1.3444,1.3423,9.8917,10.4053,11.0793,12.0122,4.4098,4.4593,4.456,4.4611
d7ef0cfb-ff56-57fa-95e9-f5cb5436ae88,49d5c88e-7552-581b-a788-01aaf49e96e1,105.0,0.9892,1.0108,1.0131,1.0138,4.9616,4.9171,5.1792,5.0529,4.0801,4.1048,4.0582,4.0893
d8232d50-4a2a-5e9a-9ab4-eb9743101faf,516e9d9c-c7f8-5492-a3a5-086d4e0ac1b2,105.0,1.1288,1.1307,1.1301,1.2037,4.8169,5.1911,5.0282,5.4952,4.4244,4.3929,4.4123,4.4011
d83551e7-4778-5f19-a5a2-4e27c75a5788,717a0cee-a7e5-5728-91bd-f8465d5171b8,150.0,1.9497,1.9589,1.9483,1.9914,20.3997,21.4208,21.9136,22.2264,4.0935,4.1281,4.1605,4.1624
d87b1462-7143-57a9-aa9b-878c977226c4,b3a54ec0-8e8b-5419-818e-5ade81afde6a,105.0,1.1075,1.1251,1.1047,1.1868,4.7446,4.4817,4.9044,4.7377,4.2235,4.2518,4.1908,4.2147
d87f12de-aa28-5eda-b4a1-7245799530b1,1e70ad4e-7009-5647-8c36-f7324942df0d,150.0,2.0923,2.1686,2.2351,2.2309,15.057,15.2642,15.6144,15.6215,4.2786,4.2622,4.2502,4.2394
d8aad5d4-c3c4-573f-bcc2-48be66bba04c,5a0519df-3204-597b-83b6-71b58f58ee44,125.0,1.8445,1.8584,1.8734,1.8646,12.6512,12.845,12.6214,13.2575,4.3562,4.3671,4.3772,4.2937
d9883a05-08ec-5f33-9a68-f6ca62e136f1,2a9ae530-09e4-5fac-a52b-34c8ea9e69ef,85.0,0.6724,0.6846,0.6636,0.6561,1.9572,1.9992,2.0087,1.9151,4.1742,4.1834,4.1417,4.17
d9d8c481-f792-51f0-84d8-6664964e2293,23449088-626d-572a-aaec-b46679b10c5e,125.0,1.3733,1.361,1.4103,1.4007,12.0534,12.4476,13.4332,13.5404,4.2204,4.1979,4.2208,4.2587
d9dd392a-4186-5f4b-91b0-b176b9bccdb3,49d5c88e-7552-581b-a788-01aaf49e96e1,105.0,0.9312,0.9529,0.9997,0.9465,5.0299,4.8188,5.1546,5.2771,4.2407,4.2017,4.2267,4.2095
d9e43ebf-0c6f-5acc-8bf1-c3b444c4cef7,23449088-626d-572a-aaec-b46679b10c5e,125.0,1.2558,1.3027,1.2889,1.2822,10.4261,10.3321,10.175,10.4561,3.9992,4.0563,4.0839,4.0701
d9eed611-e945-5992-acb5-275fbefef351,49d5c88e-7552-581b-a788-01aaf49e96e1,105.0,1.0324,1.0601,1.0713,1.0382,5.4336,5.4513,5.3045,5.1618,4.1278,4.155,4.1833,4.136
da0767bf-8ccd-587e-ad88-bfbe08b966bd,23449088-626d-572a-aaec-b46679b10c5e,125.0,1.3949,1.4235,1.4445,1.4521,12.431,12.6429,12.7775,13.5267,4.1201,4.1122,4.1667,4.1433
da7da73f-40be-5081-9872-1aabba0b89ce,49d5c88e-7552-581b-a788-01aaf49e96e1,105.0,0.9912,0.9735,0.9893,0.9789,5.1048,5.4388,5.3237,5.586,4.1654,4.2489,4.1419,4.1955
dbe6eb8e-2f5c-56cc-b7b8-1f900332151d,813ea162-f43e-5732-84bd-7833109d1bd9,125.0,1.3556,1.4134,1.7343,2.2617,7.506,7.8867,13.4576,23.0022,4.4309,4.3841,4.3694,4.4742
dc428828-49a8-5077-a14e-8f0f2c107434,5a0519df-3204-597b-83b6-71b58f58ee44,125.0,1.5823,1.7172,1.9644,2.4042,9.5363,10.6726,16.6524,24.6074,4.0924,4.0401,4.114,4.0122
dc497b89-d019-5056-a035-e3ce36e35aa9,86b177a8-6e78-52cf-b511-e7788094e506,150.0,2.0492,2.1927,2.1882,2.2522,28.799,31.0132,31.2639,31.8271,4.2007,4.2871,4.2166,4.2683
dc87ab80-942c-5b23-ac66-ab589ffb3ea5,717a0cee-a7e5-5728-91bd-f8465d5171b8,150.0,1.6586,1.7128,1.7798,1.7731,21.3399,21.1065,22.2263,22.2553,4.1032,4.2002,4.2252,4.1838
dca88711-8711-5963-9c12-3aa4d1277ef5,48058215-2e3b-5a0a-a2f3-ccb2d6eab20b,105.0,1.0176,1.0188,1.033,1.0217,3.3509,3.3968,3.6187,3.4868,4.0408,4.0606,4.0396,4.0176
dcad970c-8fd5-51f9-bb30-f0494fee8d1f,1e70ad4e-7009-5647-8c36-f7324942df0d,150.0,2.5302,2.4855,2.7002,2.8816,21.6504,22.7726,27.1796,35.0853,4.2595,4.2794,4.3418,4.3719
dd3fd4a5-9b91-5b94-985f-611c385ee27c,717a0cee-a7e5-5728-91bd-f8465d5171b8,150.0,2.0688,2.0548,2.1701,2.1797,27.43,27.198,29.0001,29.1439,4.2253,4.2716,4.2981,4.4248
dd88bc37-bbbd-5532-a8ca-319cef0edc93,86b177a8-6e78-52cf-b511-e7788094e506,150.0,1.8991,1.9151,1.9171,1.9452,29.0515,29.4205,30.2677,31.1224,3.9588,4.0085,4.0207,4.1099
de4f0266-5834-59cb-b2d1-802564fd48e6,b3a54ec0-8e8b-5419-818e-5ade81afde6a,105.0,1.1127,1.1201,1.1074,1.1049,4.5091,4.5417,4.9219,4.8878,4.0867,4.1494,4.1101,4.128
deeca743-e9ae-5ffd-91ff-f5c7b77a5139,2a9ae530-09e4-5fac-a52b-34c8ea9e69ef,85.0,0.7068,0.6957,0.6884,0.6923,1.9368,1.9119,1.8038,1.8875,4.0742,4.1251,4.0914,4.1721
df9956a8-7467-5886-aebe-e9c4cdfdea4c,717a0cee-a7e5-5728-91bd-f8465d5171b8,150.0,2.0864,2.145,2.1912,2.1434,27.7133,29.5582,29.4082,28.7076,4.0995,4.1236,4.1109,4.0938
e049b396-40c3-5d88-a53d-33c2c1a2228d,717a0cee-a7e5-5728-91bd-f8465d5171b8,150.0,1.8532,1.8715,1.9096,1.9564,26.093,26.0233,26.952,28.0407,4.3068,4.3551,4.4021,4.3253
e049bd82-2de5-50ae-8ffb-9042f15ee50f,1e70ad4e-7009-5647-8c36-f7324942df0d,150.0,2.0337,2.0525,2.0318,2.0789,14.5095,15.2213,15.4262,16.8367,4.0086,3.997,4.0456,4.0842
e063d9df-b8bb-593f-b076-6493ac61d495,5a0519df-3204-597b-83b6-71b58f58ee44,125.0,1.5493,1.6205,1.608,1.5891,10.2523,10.5658,10.5632,10.3288,4.2894,4.2509,4.3258,4.3375
e08f764c-926d-5edd-802e-2bc990d98920,23449088-626d-572a-aaec-b46679b10c5e,125.0,1.5057,1.5532,1.5548,1.5387,13.4963,14.1345,14.7628,14.9628,4.0729,4.1328,4.1271,4.0898
e09a79a2-2a66-5342-be06-3711d8a3e683,516e9d9c-c7f8-5492-a3a5-086d4e0ac1b2,105.0,1.0611,1.0589,1.0745,1.1049,5.5364,5.4556,5.8374,5.8942,4.331,4.3312,4.3879,4.4342
e0ec6d62-cb53-5375-8639-e0eb9bccf891,5a0519df-3204-597b-83b6-71b58f58ee44,125.0,1.6906,1.5938,1.7011,1.6899,8.7578,9.0151,9.0993,9.474,4.0734,4.0657,4.0548,4.1019
e10ba82b-f6d6-5a0f-bc63-2f4f48a536d1,1e70ad4e-7009-5647-8c36-f7324942df0d,150.0,2.2087,2.1916,2.2714,2.2915,16.4043,18.2349,18.2121,19.1198,4.1537,4.24,4.247,4.2826
e1259b5a-80ac-5463-8488-6fca684826d2,813ea162-f43e-5732-84bd-7833109d1bd9,125.0,1.3976,1.443,1.4218,1.4019,7.1393,7.1082,7.1515,7.213,4.3463,4.2851,4.3486,4.3074
e1763168-e73e-5eda-993e-5c0db617d044,49d5c88e-7552-581b-a788-01aaf49e96e1,105.0,0.975,0.9662,0.9837,0.9378,6.1292,6.1474,6.0553,5.9169,3.906,3.8631,3.8884,3.9023
e222975e-4cf7-5fee-8310-e6a334eafc34,49d5c88e-7552-581b-a788-01aaf49e96e1,105.0,0.9832,0.9353,1.0099,0.9815,4.9698,5.3837,5.4098,5.1379,4.114,4.1247,4.0362,4.0959
e28d3b73-1f03-5916-9d1b-0f6ef4ef31ea,717a0cee-a7e5-5728-91bd-f8465d5171b8,150.0,1.9452,1.9409,2.0022,1.8998,22.1242,23.4389,23.7758,24.3865,4.151,4.1553,4.1725,4.1579
e2d34ffb-22d2-5c36-9775-7dcc50cef804,5a0519df-3204-597b-83b6-71b58f58ee44,125.0,1.734,1.7869,1.7534,1.8141,11.4202,11.7047,12.4965,12.1727,4.2533,4.2249,4.2301,4.3036
e2e04370-650f-522d-86cd-53a3a0a93b87,49d5c88e-7552-581b-a788-01aaf49e96e1,105.0,1.0451,1.0592,1.0716,1.085,5.8618,5.8061,5.598,6.1622,4.0708,4.0418,4.1006,4.0937
e2e77457-8552-534e-9ecf-29f9c02b4b8a,813ea162-f43e-5732-84bd-7833109d1bd9,125.0,1.3945,1.3982,1.4499,1.4638,7.3864,7.4657,7.5088,7.2169,4.3752,4.3846,4.4084,4.4703
e2ff5710-c5a9-5963-b2f6-7d915cffe901,86b177a8-6e78-52cf-b511-e7788094e506,150.0,2.2526,2.3268,2.3759,2.3686,31.9945,32.5666,35.5237,35.2232,3.992,4.0422,4.0246,4.023
e3007887-edbb-5658-8a95-a4289463e7e1,1e70ad4e-7009-5647-8c36-f7324942df0d,150.0,2.0146,2.1534,2.1648,2.1573,13.3154,13.7974,15.2455,15.7212,4.2062,4.304,4.2287,4.3525
e33aa351-fbe5-5a0c-aee6-4a7ce2c738b9,717a0cee-a7e5-5728-91bd-f8465d5171b8,150.0,1.8976,2.0183,1.9724,2.1143,20.86,22.9017,23.3448,23.8466,4.2325,4.2891,4.4174,4.3184
e38911f5-6ad3-5e75-bc01-b71a8fcbe1b4,b3a54ec0-8e8b-5419-818e-5ade81afde6a,105.0,1.1752,1.1765,1.1669,1.1619,4.7849,4.8379,4.5699,4.9973,4.4174,4.4689,4.439,4.5162
e3aba142-b4c9-54a9-b792-6385e0bcbc46,0285eccd-4d40-5cb5-9c3b-849392540576,150.0,2.2731,2.2705,2.39,2.3815,32.767,36.4252,34.2272,38.0009,4.1002,4.0473,4.1623,4.1553
e3fea1be-0ed1-5737-b1b8-fa5156b402c2,86b177a8-6e78-52cf-b511-e7788094e506,150.0,2.3036,2.3511,2.4071,2.4223,31.6645,31.8512,32.9649,32.096,4.1304,4.2001,4.1447,4.1681
e4404856-6b08-51c5-8a24-9b41ed61fcaa,2a9ae530-09e4-5fac-a52b-34c8ea9e69ef,85.0,0.6365,0.6433,0.6589,0.5968,1.9149,1.9663,1.9816,2.0504,4.2162,4.2209,4.1894,4.2116
e498312c-b8a2-5bef-a25c-b4771f750ae0,516e9d9c-c7f8-5492-a3a5-086d4e0ac1b2,105.0,1.0529,1.0099,1.0611,1.075,4.5712,4.7595,5.0432,4.8305,4.166,4.2172,4.2531,4.2826
e4f92f2f-fdf6-5e31-b9be-8ce40a4e52cc,48058215-2e3b-5a0a-a2f3-ccb2d6eab20b,105.0,1.1187,1.0893,1.0891,1.0696,4.3676,4.1126,4.1929,3.9849,4.2582,4.2448,4.2845,4.2265
e55913a0-85d8-5961-a3dc-7f10c729c7e7,48058215-2e3b-5a0a-a2f3-ccb2d6eab20b,105.0,1.0287,1.0587,1.0698,1.0264,4.1158,4.1772,4.5028,4.2777,4.2582,4.2156,4.2268,4.2504
e56018b2-0abb-54a0-ac21-0e3ece70d8bc,516e9d9c-c7f8-5492-a3a5-086d4e0ac1b2,105.0,1.1282,1.0803,1.1116,1.1193,5.7177,6.0622,6.0949,6.1553,4.1821,4.1617,4.186,4.1948
e5995d06-b75f-5892-a891-0f734be46239,516e9d9c-c7f8-5492-a3a5-086d4e0ac1b2,105.0,1.13,1.1362,1.1572,1.1486,6.8443,7.1429,7.3161,6.9834,4.4472,4.477,4.4446,4.4531
e59c547e-15db-564d-be51-78a1cd15bbb5,813ea162-f43e-5732-84bd-7833109d1bd9,125.0,1.2106,1.2521,1.2631,1.2532,7.0259,7.0436,7.1215,7.1275,4.3124,4.2649,4.332,4.336
e59e17fd-a0fb-5e2b-801a-ddb4343bf61a,49d5c88e-7552-581b-a788-01aaf49e96e1,105.0,1.0049,1.0117,1.0369,1.006,6.5627,6.6307,6.7274,6.8061,4.2494,4.1756,4.2488,4.1956
e5b202ef-1c5a-5ba0-99eb-fec0237f0637,b3a54ec0-8e8b-5419-818e-5ade81afde6a,105.0,1.2053,1.1881,1.1749,1.1737,4.8118,4.9196,4.8074,5.2213,4.3735,4.4045,4.3833,4.3313
e5b8d97d-2375-5557-a906-41a544d8d3c9,48058215-2e3b-5a0a-a2f3-ccb2d6eab20b,105.0,1.0294,0.9835,1.0209,1.0136,4.59,4.7472,4.926,4.7188,4.3609,4.3952,4.4086,4.4181
e6380a08-80ec-54db-a446-0fd8e48ecfa0,49d5c88e-7552-581b-a788-01aaf49e96e1,105.0,1.0325,1.0576,1.0343,1.0651,6.7366,6.7722,6.855,6.5017,4.3053,4.3769,4.3508,4.2819
e6931ac9-bf48-503c-af7f-ff7c4eebb9fe,86b177a8-6e78-52cf-b511-e7788094e506,150.0,2.096,2.1701,2.2566,2.3656,25.127,27.4236,29.7049,30.6754,4.0511,4.1203,4.0738,4.1028
e6d2dd72-78ad-566c-8eeb-0a8cf01ccea9,717a0cee-a7e5-5728-91bd-f8465d5171b8,150.0,2.0214,2.0987,2.2447,2.6063,28.4697,31.1121,33.6201,48.1988,4.2291,4.2173,4.2399,4.3045
e70653d1-6e64-5736-8a01-c43c87a93c39,b3a54ec0-8e8b-5419-818e-5ade81afde6a,105.0,1.097,1.1226,1.1438,1.1611,4.4146,4.4323,4.5853,4.3358,4.2614,4.2599,4.2434,4.2523
e70ead15-66aa-5740-ab5d-1ef8f2346bad,1e70ad4e-7009-5647-8c36-f7324942df0d,150.0,2.1568,2.2319,2.2554,2.2673,19.1888,18.1787,18.3835,19.3188,4.2971,4.293,4.3271,4.2614
e7190abc-4ffe-5f66-8dc0-9af54194c003,2a9ae530-09e4-5fac-a52b-34c8ea9e69ef,85.0,0.6158,0.634,0.6228,0.6156,1.7515,1.6457,1.6329,1.9462,4.2444,4.3042,4.2716,4.2208
e74008bf-b2ec-55f4-be28-29ea425f4014,717a0cee-a7e5-5728-91bd-f8465d5171b8,150.0,1.7418,1.7774,1.7867,1.7218,19.7666,20.6254,21.6755,21.7121,4.1009,4.155,4.1412,4.1124
e796406e-aade-5988-9615-4308238aa6cf,516e9d9c-c7f8-5492-a3a5-086d4e0ac1b2,105.0,1.1865,1.1471,1.2027,1.1777,6.0133,6.0686,6.2343,6.205,4.2233,4.2124,4.1741,4.198
e7be055e-f22c-5b63-98ae-070cba4df647,2a9ae530-09e4-5fac-a52b-34c8ea9e69ef,85.0,0.6647,0.6643,0.6591,0.688,1.8701,2.017,2.0133,1.661,4.2037,4.2653,4.2366,4.2228
e7e52eda-97f3-582e-bc68-0f14192fbe58,813ea162-f43e-5732-84bd-7833109d1bd9,125.0,1.4584,1.5123,1.5175,1.5359,8.4418,8.8713,9.1514,9.1381,4.4345,4.5187,4.5362,4.4974
e7f9da4a-4249-5fc7-8298-51288911f1d1,23449088-626d-572a-aaec-b46679b10c5e,125.0,1.3698,1.4084,1.4428,1.4891,13.1041,13.8819,13.6302,14.1244,4.2831,4.2675,4.2659,4.2535
e8fc1680-d044-53b8-97de-e3c2fc09ff98,813ea162-f43e-5732-84bd-7833109d1bd9,125.0,1.4004,1.474,1.4897,1.5495,7.2677,7.3798,7.3318,7.5638,4.4344,4.425,4.454,4.4283
e98d76f9-2d2c-521e-8e36-b1f9fb240445,2a9ae530-09e4-5fac-a52b-34c8ea9e69ef,85.0,0.6138,0.6453,0.6371,0.6571,1.8545,1.7608,1.7327,1.7873,4.0999,4.1287,4.1438,4.126
e9c4abf3-a12e-5597-ab32-15e690344c08,813ea162-f43e-5732-84bd-7833109d1bd9,125.0,1.3463,1.3717,1.3845,1.4314,8.2798,8.4874,8.7449,8.5916,4.2958,4.3391,4.3285,4.3241
ea0fa596-3706-552c-9097-00bf580e7837,48058215-2e3b-5a0a-a2f3-ccb2d6eab20b,105.0,1.089,1.1021,1.0349,1.0645,3.576,3.7028,3.8069,3.6137,4.3385,4.3502,4.3763,4.3542
ea939d51-7be5-5ce8-a0d1-d49d081786f0,23449088-626d-572a-aaec-b46679b10c5e,125.0,1.4177,1.3966,1.3748,1.4066,12.7669,12.837,13.0907,13.0547,4.2508,4.2921,4.2549,4.3095
ea97f9fc-b85b-53cb-a98f-fffec69bd684,2a9ae530-09e4-5fac-a52b-34c8ea9e69ef,85.0,0.666,0.6378,0.6393,0.678,1.943,2.0298,1.972,2.116,4.0137,4.0246,4.0408,4.0785
eaa87c7a-024d-5f15-aaf0-8ce596c0e4ea,86b177a8-6e78-52cf-b511-e7788094e506,150.0,2.0609,2.0958,2.2311,2.2366,24.5379,25.5008,25.1052,25.987,4.249,4.206,4.2584,4.2869
eab03813-b83b-50d9-8642-6156ee11a576,23449088-626d-572a-aaec-b46679b10c5e,125.0,1.4331,1.4119,1.4131,1.455,14.0986,14.4889,14.0851,13.9143,4.3099,4.35,4.3424,4.3086
eaced4aa-05f6-52fb-9468-58a5af36cbf3,23449088-626d-572a-aaec-b46679b10c5e,125.0,1.4429,1.4658,1.4292,1.4403,13.4941,13.8954,14.0662,13.5494,4.307,4.2869,4.3538,4.3052
eb253c2c-295e-5a95-b2e0-eee287df3f2e,516e9d9c-c7f8-5492-a3a5-086d4e0ac1b2,105.0,1.0531,1.1024,1.0907,1.1194,6.715,6.7229,6.6949,6.3482,4.3752,4.3808,4.4135,4.4097
eb6baf16-bc4e-5f55-ae19-6ba9104bf16f,2a9ae530-09e4-5fac-a52b-34c8ea9e69ef,85.0,0.6147,0.6278,0.6124,0.6233,1.8398,1.9619,1.7624,1.9355,3.9748,4.0352,3.9983,4.0144
eb9941e9-06b8-5bb4-b424-36e4bc3b6861,813ea162-f43e-5732-84bd-7833109d1bd9,125.0,1.3226,1.3181,1.3554,1.3716,5.8793,6.162,6.1748,6.0029,4.5141,4.4556,4.4772,4.5015
ebe35954-44de-5dac-9f0f-8810eb709a3c,2a9ae530-09e4-5fac-a52b-34c8ea9e69ef,85.0,0.6665,0.64,1.3473,5.9808,2.1696,2.0837,9.8404,57.5208,4.4316,4.4246,4.3796,4.3576
ebfd4fa9-87ad-5446-87bf-d07bd44dbe14,86b177a8-6e78-52cf-b511-e7788094e506,150.0,2.1675,2.2691,2.3033,2.358,25.0738,26.646,28.1024,27.9843,3.8837,3.8711,3.8857,3.9109
ec5b1b4c-927b-52bd-a43b-d8f28dcb02cc,2a9ae530-09e4-5fac-a52b-34c8ea9e69ef,85.0,0.6337,0.6442,0.6365,0.6301,1.8304,1.8013,1.8197,1.7006,4.214,4.169,4.1478,4.2021
ec73aac1-229e-5d1d-b7c4-3a2cc6095e8a,516e9d9c-c7f8-5492-a3a5-086d4e0ac1b2,105.0,1.1745,1.2128,1.1807,1.2033,6.345,6.37,6.6579,6.8774,4.4647,4.5016,4.5967,4.5861
ec8d5943-4fa3-5ecc-9316-faff96de8f40,5a0519df-3204-597b-83b6-71b58f58ee44,125.0,1.5665,1.5904,1.6083,1.6674,9.2596,9.8716,9.8268,9.8495,4.1831,4.2795,4.2509,4.3115
ec9593d4-3906-5a97-87b9-1783173b6786,b3a54ec0-8e8b-5419-818e-5ade81afde6a,105.0,1.2177,1.1776,1.1716,1.2106,4.4887,4.5212,4.512,4.6896,4.2118,4.204,4.1921,4.2421
ed41b03d-d220-504c-8fa9-b87ea549c1d6,48058215-2e3b-5a0a-a2f3-ccb2d6eab20b,105.0,1.0655,1.0608,1.0836,1.0598,4.0541,4.2907,4.2355,4.3306,4.3976,4.4623,4.4016,4.4398
eda68287-1a4d-5cfa-b279-7d61f449a461,813ea162-f43e-5732-84bd-7833109d1bd9,125.0,1.4002,1.4295,1.4529,1.4964,8.6089,8.2999,8.9282,9.0104,4.2357,4.3183,4.3042,4.3005
eddba090-ea3b-5bbf-80d1-dcf89c447216,48058215-2e3b-5a0a-a2f3-ccb2d6eab20b,105.0,1.094,1.0898,1.0673,1.0868,4.0401,4.333,4.4852,4.2432,4.0418,4.1052,4.0883,4.0626
ee0be3f6-74b5-5cb8-bd5a-3eb1fe092f1f,717a0cee-a7e5-5728-91bd-f8465d5171b8,150.0,1.8478,1.9002,1.9634,2.0151,21.8588,21.3367,21.7708,21.8782,4.2102,4.161,4.2011,4.2476
eeea97fc-2c4a-587c-afa4-f58b91250916,2a9ae530-09e4-5fac-a52b-34c8ea9e69ef,85.0,0.6385,0.6404,0.6557,0.6468,1.7928,1.8263,1.8774,1.7794,4.1919,4.1642,4.2023,4.2261
efc9817e-58e0-5cef-a540-57b06b048e20,2a9ae530-09e4-5fac-a52b-34c8ea9e69ef,85.0,0.6009,1.4992,4.2432,6.8972,1.627,9.0715,30.6729,54.831,4.2393,4.1458,4.1909,4.168
efcb9fc9-3d80-5273-bed5-54b0b516cd33,49d5c88e-7552-581b-a788-01aaf49e96e1,105.0,0.922,0.8996,0.9532,0.9342,5.4218,5.454,5.559,5.37,4.1223,4.0466,4.0893,4.1627
efee10dd-09d6-5978-80de-cca86e091c14,23449088-626d-572a-aaec-b46679b10c5e,125.0,1.4232,1.4076,1.4386,1.4232,13.0351,13.2249,12.5379,13.1992,4.0409,4.0896,4.0883,4.0866
f006f8be-deda-5ecd-97f3-2df67f9c1ad6,49d5c88e-7552-581b-a788-01aaf49e96e1,105.0,0.8955,0.9626,0.96,0.9625,5.9806,6.1764,6.2126,5.9373,4.1967,4.2508,4.1601,4.2469
f06f6d18-240e-5d04-84c4-f668ed126e65,49d5c88e-7552-581b-a788-01aaf49e96e1,105.0,1.0754,1.0194,1.0754,1.0937,6.9563,6.7007,6.8518,6.7883,4.1702,4.1257,4.136,4.123
f0914be2-acde-5628-8681-7f1828e3ad96,717a0cee-a7e5-5728-91bd-f8465d5171b8,150.0,1.8649,2.0249,1.9863,2.0625,21.6801,22.7124,23.2692,22.6734,4.1268,4.1374,4.2221,4.2401
f0a12c7b-8cb6-5c5d-93cd-b5246dddc3e1,813ea162-f43e-5732-84bd-7833109d1bd9,125.0,1.35,1.3491,1.4103,1.3885,5.9922,6.5288,6.2941,6.494,4.1807,4.2068,4.1667,4.2179
f0a50aa3-57db-51f5-bfa1-b69e67c7978c,23449088-626d-572a-aaec-b46679b10c5e,125.0,1.3457,1.3407,1.3633,1.3475,11.9291,12.289,12.2388,12.1816,4.3297,4.3137,4.3767,4.3797
f0b6b253-f212-5cb8-b0a0-748e25760a55,5a0519df-3204-597b-83b6-71b58f58ee44,125.0,1.7634,1.79,1.7876,1.8885,10.5941,10.3469,10.3969,10.6777,3.9485,3.9864,3.9998,3.9783
f119ff6a-dcc7-545c-a3ab-179c60a07ae6,b3a54ec0-8e8b-5419-818e-5ade81afde6a,105.0,1.1124,1.1313,1.1548,1.1037,4.4967,4.5145,4.5999,4.8024,4.2934,4.2821,4.252,4.2312
f14b72b7-fd7a-5c41-8596-6363a83e01be,813ea162-f43e-5732-84bd-7833109d1bd9,125.0,1.4038,1.4002,1.3894,1.3997,6.6937,7.0516,7.0101,7.1932,4.5335,4.582,4.6273,4.5624
f1b3f9ef-93a4-525b-9910-002780f00f3d,49d5c88e-7552-581b-a788-01aaf49e96e1,105.0,1.0637,1.0371,1.0305,1.0674,6.1582,6.5067,6.4359,6.5773,3.9765,3.9802,3.9425,3.9649
f1d0b396-31bc-5b93-9d82-8b21bc713078,516e9d9c-c7f8-5492-a3a5-086d4e0ac1b2,105.0,1.108,1.1364,1.1175,1.0836,5.3025,5.6616,5.5242,5.2587,4.2881,4.2281,4.2592,4.3036
f2146191-41ac-5375-bd4a-d42f14d7e4f5,b3a54ec0-8e8b-5419-818e-5ade81afde6a,105.0,1.1424,1.1392,1.1346,1.1344,4.4901,4.2197,4.488,4.4007,3.9548,4.0659,4.0334,4.0296
f27eec50-8dc2-5b52-b41b-1454ebddc95e,516e9d9c-c7f8-5492-a3a5-086d4e0ac1b2,105.0,1.1463,1.0851,1.1375,1.1583,5.0252,5.0591,4.9443,5.165,4.4345,4.5055,4.4639,4.3646
f392208d-7c9f-5c31-81cb-862adecf7664,516e9d9c-c7f8-5492-a3a5-086d4e0ac1b2,105.0,1.0444,1.0764,1.0795,1.0567,5.8598,5.9655,6.2532,6.2573,4.2975,4.3204,4.288,4.2194
f3c8cc88-d867-5bdf-ab7d-c28abc4eae92,717a0cee-a7e5-5728-91bd-f8465d5171b8,150.0,1.9391,1.9823,2.1305,2.1036,28.7306,30.8037,29.6265,30.9467,4.2276,4.2797,4.3604,4.3641
f40b1b19-fa03-5545-a27d-8ab7cbd16be4,1e70ad4e-7009-5647-8c36-f7324942df0d,150.0,2.2148,2.3465,2.4526,2.4212,39.5712,39.0568,42.386,39.9038,4.3775,4.3686,4.4169,4.4315
f41b5033-ba88-53d4-ab83-956ce2d996b4,717a0cee-a7e5-5728-91bd-f8465d5171b8,150.0,1.8097,1.9647,2.0638,2.1643,22.8725,24.2729,25.7511,26.4705,4.1113,4.13,4.1316,4.1122
f43ff120-6633-5221-8c29-0e0e99824116,49d5c88e-7552-581b-a788-01aaf49e96e1,105.0,0.9654,1.0035,0.9487,0.9692,5.4475,5.393,5.6742,5.454,4.1889,4.1502,4.2099,4.153
f4a6e5ac-db68-5855-a0c2-e3db6199b756,516e9d9c-c7f8-5492-a3a5-086d4e0ac1b2,105.0,1.3555,1.3338,1.3776,1.3673,7.4989,7.3147,7.656,7.7123,4.6142,4.6715,4.6064,4.656
f5659b02-a2e3-5f40-acbc-e8a8b8906728,813ea162-f43e-5732-84bd-7833109d1bd9,125.0,1.3449,1.3534,1.4114,1.362,6.999,6.8758,6.8513,7.1509,4.3337,4.2998,4.3727,4.3143
f5bcc3c8-56a9-5bde-a5e6-e1fe19be9608,717a0cee-a7e5-5728-91bd-f8465d5171b8,150.0,1.8457,1.9744,1.9444,1.9081,23.4909,23.6547,23.5117,23.9733,4.1213,4.205,4.1845,4.2124
f5be8b0c-6be9-5fa2-8873-fedc730d7527,2a9ae530-09e4-5fac-a52b-34c8ea9e69ef,85.0,0.6201,0.6243,0.6051,0.6181,1.8074,1.8967,1.8025,1.7812,3.9901,4.0206,3.9409,3.9653
f605143d-fcbb-566e-b9a1-9d1230ce2f7b,1e70ad4e-7009-5647-8c36-f7324942df0d,150.0,2.1165,2.2284,2.2317,2.3149,16.1011,16.1002,16.2468,16.648,4.2918,4.2284,4.2984,4.2954
f7b05505-ae44-5eb7-b687-b09451a975ad,23449088-626d-572a-aaec-b46679b10c5e,125.0,1.3977,1.4304,1.6051,1.8159,14.2477,15.0824,20.4307,27.8936,4.2084,4.2256,4.2118,4.2792
f7ed161b-1738-5410-b750-e1dab022fbe8,49d5c88e-7552-581b-a788-01aaf49e96e1,105.0,0.9832,0.9703,0.9728,1.0445,5.9335,6.2704,5.875,6.4954,3.9874,3.9127,3.9263,3.9259
f80d9dc3-5a96-52bc-8b14-3e7369951230,1e70ad4e-7009-5647-8c36-f7324942df0d,150.0,2.1571,2.3316,2.3449,2.4611,15.4223,16.5799,16.4199,17.313,4.288,4.2915,4.3635,4.3635
f8168965-6b7e-547a-8e4a-bcd6d76a9e38,813ea162-f43e-5732-84bd-7833109d1bd9,125.0,1.5153,1.5683,1.548,1.6192,8.8551,8.1523,8.1373,8.3758,4.515,4.5412,4.4938,4.5833
f831014d-7add-5d56-93eb-437e09c2e053,1e70ad4e-7009-5647-8c36-f7324942df0d,150.0,2.1631,2.2866,2.3174,2.3792,16.3577,16.6281,18.5192,18.133,4.0641,4.1353,4.1566,4.0763
f8434b52-f698-5849-ae85-8257774876ef,48058215-2e3b-5a0a-a2f3-ccb2d6eab20b,105.0,0.9199,0.8881,0.9267,0.9098,3.0484,3.0577,3.2567,3.0514,4.3313,4.3214,4.3236,4.3795
f8c0fb47-acff-5f80-b590-df01eafa8884,23449088-626d-572a-aaec-b46679b10c5e,125.0,1.371,1.3957,1.3956,1.4266,12.8864,13.1542,13.5754,13.4146,4.3567,4.3658,4.356,4.3837
f959af31-9986-51af-811d-b1f0a54a456d,1e70ad4e-7009-5647-8c36-f7324942df0d,150.0,2.1157,2.1651,2.1828,2.1982,17.1272,17.338,18.0779,17.8379,4.1614,4.2097,4.3021,4.3189
f9b00c2c-9ce0-5a4c-88e2-3b10a5fdbd4c,516e9d9c-c7f8-5492-a3a5-086d4e0ac1b2,105.0,1.0642,1.1009,1.0444,1.0346,4.952,5.2079,4.858,5.1338,4.3114,4.3627,4.3252,4.3998
f9ebd5db-0e59-57ad-bfbd-1a7ad8f79a9e,516e9d9c-c7f8-5492-a3a5-086d4e0ac1b2,105.0,1.1837,1.1789,1.1841,1.1897,5.3368,5.2111,5.3022,5.3138,4.3559,4.4677,4.4256,4.4103
f9f4c9ef-2640-5405-8201-02d4636a8ae0,23449088-626d-572a-aaec-b46679b10c5e,125.0,1.3488,1.4195,1.728,1.9579,11.9641,14.5288,22.9173,32.6263,4.1944,4.2117,4.2148,4.2152
fa2a5519-0dc2-53fe-94aa-678542ba6eba,b3a54ec0-8e8b-5419-818e-5ade81afde6a,105.0,1.2264,1.179,1.2332,1.2403,5.7194,5.7747,5.7604,5.7578,4.3264,4.3995,4.433,4.3773
fa94905a-45ab-525d-b537-3da612f12d48,5a0519df-3204-597b-83b6-71b58f58ee44,125.0,1.4568,1.5041,1.5044,1.528,7.3442,7.1632,7.4539,7.1019,3.9677,4.0097,3.9958,3.9669
fb2ca0fd-898f-5ce3-b258-b456d50f17dc,86b177a8-6e78-52cf-b511-e7788094e506,150.0,2.271,2.3234,2.3591,2.3837,34.9013,35.1562,36.421,38.272,4.2163,4.268,4.3208,4.3154
fb87319c-cf46-5036-bc06-194d47926fbf,0285eccd-4d40-5cb5-9c3b-849392540576,150.0,2.2139,2.3111,2.2516,2.3635,23.544,26.6991,27.8613,27.3586,4.1309,4.1924,4.2864,4.303
fbaa25c7-de53-56b1-8dc3-6fd5a803dc9c,813ea162-f43e-5732-84bd-7833109d1bd9,125.0,1.248,1.2233,1.2784,1.2783,6.002,6.1445,6.4695,6.1569,4.4313,4.4257,4.4485,4.4509
fc737859-d3e8-5b69-a50d-dbb7b7f0ece3,b3a54ec0-8e8b-5419-818e-5ade81afde6a,105.0,1.1151,1.1333,1.1423,1.1689,3.6702,3.8072,4.0578,3.9286,4.4242,4.3802,4.3597,4.3672
fccc87bc-e724-5175-a701-06744ac2dadb,2a9ae530-09e4-5fac-a52b-34c8ea9e69ef,85.0,0.5813,0.6158,0.5994,0.6094,1.435,1.6257,1.6592,1.7225,4.0035,4.0169,4.0844,4.0722
fce960cb-f9cf-5a98-ba21-374ee105f542,49d5c88e-7552-581b-a788-01aaf49e96e1,105.0,0.9865,0.9786,1.0131,1.0052,6.1876,5.7461,6.2101,6.2035,3.9708,3.9861,4.0569,4.0598
fd1ba298-0a90-548c-a183-cae19417cde5,1e70ad4e-7009-5647-8c36-f7324942df0d,150.0,2.1874,2.3139,2.2749,2.396,18.4891,18.3367,19.7348,20.6038,4.3657,4.3105,4.4394,4.4055
fd6a067a-bca1-55d9-a7c3-31635b5b47a3,5a0519df-3204-597b-83b6-71b58f58ee44,125.0,1.521,1.5143,1.5574,1.5509,10.1176,10.9681,10.9489,10.7836,4.1943,4.2611,4.2761,4.2638
fd753ca4-2140-5819-8816-c58dacfb2c56,717a0cee-a7e5-5728-91bd-f8465d5171b8,150.0,2.0301,2.0616,2.2492,2.5175,25.7323,25.5657,31.039,40.0224,4.3322,4.3075,4.3208,4.3368
fd965c91-b48d-5c89-8440-5b425cc8c4db,5a0519df-3204-597b-83b6-71b58f58ee44,125.0,1.6819,1.7622,1.9695,2.443,9.3276,9.5094,14.6115,22.4827,4.2042,4.2066,4.1887,4.1866
fdaf679f-08ae-59e5-b496-239488b633a3,5a0519df-3204-597b-83b6-71b58f58ee44,125.0,1.6851,1.7564,1.7588,1.7123,11.0171,11.2777,11.3397,11.6178,4.1514,4.1601,4.2012,4.2045
fdfdff85-fc81-5d25-a151-8d1a6d9ae0a0,b3a54ec0-8e8b-5419-818e-5ade81afde6a,105.0,1.202,1.193,1.2175,1.1807,4.7615,4.9626,4.7318,4.9591,4.1617,4.1752,4.2269,4.1957
fe453416-074d-587b-add1-e462b48fe9f7,23449088-626d-572a-aaec-b46679b10c5e,125.0,1.4429,1.3736,1.4409,1.4454,13.4231,13.5846,14.5563,14.853,4.2355,4.2648,4.2865,4.3393
fe8f64f6-be0a-5608-b505-5972ad7ac9a4,813ea162-f43e-5732-84bd-7833109d1bd9,125.0,1.4334,1.4481,1.4197,1.4757,6.6981,6.8201,6.598,6.8724,4.505,4.4924,4.5295,4.4981
feaca878-5776-5978-9e14-a6236fb4f8fb,49d5c88e-7552-581b-a788-01aaf49e96e1,105.0,0.984,1.021,1.0283,0.9999,6.4515,5.9582,6.0662,6.2464,4.1486,4.2228,4.188,4.1767
fee3b1b5-4379-58f8-bf5f-012d68b43da2,1e70ad4e-7009-5647-8c36-f7324942df0d,150.0,2.3636,2.4386,2.4945,2.5724,17.9466,18.2194,18.6248,18.4007,4.1806,4.1758,4.1973,4.2171
ffa8125b-3ad6-594b-8f68-4aa473338211,516e9d9c-c7f8-5492-a3a5-086d4e0ac1b2,105.0,1.1066,1.1273,1.152,1.1298,4.9056,4.835,4.8331,5.0371,4.4162,4.4072,4.4358,4.4404
ffc0d1a6-766b-583b-a0d6-64434b41876a,5a0519df-3204-597b-83b6-71b58f58ee44,125.0,1.4657,1.5635,1.5479,1.6072,8.6476,8.3828,8.428,8.7182,4.164,4.1562,4.1783,4.1639
ffdb76a7-7f73-5175-bd02-865b201f6111,23449088-626d-572a-aaec-b46679b10c5e,125.0,1.3077,1.3586,1.4009,1.3677,9.4189,9.3525,9.6142,9.6407,4.0948,4.0801,4.1227,4.0523
ffdfbf19-aaed-55fd-b413-9be6149b55b3,b3a54ec0-8e8b-5419-818e-5ade81afde6a,105.0,1.086,1.0874,1.1159,1.0702,4.5384,4.4138,4.4376,4.5521,4.131,4.1429,4.1337,4.0807
